source_host,agent_id,agent_number,planned_from_assigned_command,launcher_spawn_line_count,session_record_count,log_file_count,log_files_json,log_line_count,start_marker_count,error_line_count,rate_limit_429_line_count,api_http_request_line_count,api_http_200_request_line_count,api_http_200_interpretation,tool_event_count,response_prefix_count,response_prefix_success_count,finished_marker_count,success_evidence,success_evidence_basis,evidence_level,interpretation_guardrail
122174,agent-37,37,False,0,2,1,"[""swarm/vitals/agent-037.log""]",2956,1,537,852,959,549,"Logged successful API-request count only; multiple API requests can occur inside one model turn, and it carries no token quantity.",434,313,312,2,True,logged_http_200_api_request,success_evidence,"success_evidence means at least one logged HTTP 200 API request; it does not prove a complete outer turn, meaningful response, social action, task completion, tokens, or cost."
122174,agent-42,42,False,0,2,1,"[""swarm/vitals/agent-042.log""]",1490,1,6,0,601,601,"Logged successful API-request count only; multiple API requests can occur inside one model turn, and it carries no token quantity.",348,249,247,2,True,logged_http_200_api_request,success_evidence,"success_evidence means at least one logged HTTP 200 API request; it does not prove a complete outer turn, meaningful response, social action, task completion, tokens, or cost."
122174,agent-47,47,False,0,2,1,"[""swarm/vitals/agent-047.log""]",2450,1,403,825,796,461,"Logged successful API-request count only; multiple API requests can occur inside one model turn, and it carries no token quantity.",284,301,301,2,True,logged_http_200_api_request,success_evidence,"success_evidence means at least one logged HTTP 200 API request; it does not prove a complete outer turn, meaningful response, social action, task completion, tokens, or cost."
122174,agent-52,52,False,0,2,1,"[""swarm/vitals/agent-052.log""]",6233,1,6030,0,0,0,"Logged successful API-request count only; multiple API requests can occur inside one model turn, and it carries no token quantity.",0,201,0,1,False,,log_or_start_footprint_only,"success_evidence means at least one logged HTTP 200 API request; it does not prove a complete outer turn, meaningful response, social action, task completion, tokens, or cost."
122174,agent-57,57,False,0,2,1,"[""swarm/vitals/agent-057.log""]",868,1,2,148,353,279,"Logged successful API-request count only; multiple API requests can occur inside one model turn, and it carries no token quantity.",88,231,231,2,True,logged_http_200_api_request,success_evidence,"success_evidence means at least one logged HTTP 200 API request; it does not prove a complete outer turn, meaningful response, social action, task completion, tokens, or cost."
122174,agent-62,62,False,0,2,1,"[""swarm/vitals/agent-062.log""]",6233,1,6030,0,0,0,"Logged successful API-request count only; multiple API requests can occur inside one model turn, and it carries no token quantity.",0,201,0,1,False,,log_or_start_footprint_only,"success_evidence means at least one logged HTTP 200 API request; it does not prove a complete outer turn, meaningful response, social action, task completion, tokens, or cost."
122174,agent-67,67,False,0,2,1,"[""swarm/vitals/agent-067.log""]",404,1,0,0,201,201,"Logged successful API-request count only; multiple API requests can occur inside one model turn, and it carries no token quantity.",0,201,0,1,True,logged_http_200_api_request,success_evidence,"success_evidence means at least one logged HTTP 200 API request; it does not prove a complete outer turn, meaningful response, social action, task completion, tokens, or cost."
122174,agent-72,72,False,0,2,1,"[""swarm/vitals/agent-072.log""]",9326,1,4180,80,4367,117,"Logged successful API-request count only; multiple API requests can occur inside one model turn, and it carries no token quantity.",141,146,0,0,True,logged_http_200_api_request,success_evidence,"success_evidence means at least one logged HTTP 200 API request; it does not prove a complete outer turn, meaningful response, social action, task completion, tokens, or cost."
122174,agent-77,77,False,0,2,1,"[""swarm/vitals/agent-077.log""]",506,1,4,26,191,178,"Logged successful API-request count only; multiple API requests can occur inside one model turn, and it carries no token quantity.",177,14,12,0,True,logged_http_200_api_request,success_evidence,"success_evidence means at least one logged HTTP 200 API request; it does not prove a complete outer turn, meaningful response, social action, task completion, tokens, or cost."
122174,agent-82,82,False,0,1,1,"[""swarm/vitals/agent-082.log""]",271,1,3,88,92,47,"Logged successful API-request count only; multiple API requests can occur inside one model turn, and it carries no token quantity.",66,7,7,0,True,logged_http_200_api_request,success_evidence,"success_evidence means at least one logged HTTP 200 API request; it does not prove a complete outer turn, meaningful response, social action, task completion, tokens, or cost."
122174,agent-101,101,True,0,1,1,"[""swarm/vitals/agent-0101.log""]",2213,1,339,987,729,399,"Logged successful API-request count only; multiple API requests can occur inside one model turn, and it carries no token quantity.",293,201,199,1,True,logged_http_200_api_request,success_evidence,"success_evidence means at least one logged HTTP 200 API request; it does not prove a complete outer turn, meaningful response, social action, task completion, tokens, or cost."
122174,agent-106,106,True,0,1,1,"[""swarm/vitals/agent-0106.log""]",1724,1,9,0,532,532,"Logged successful API-request count only; multiple API requests can occur inside one model turn, and it carries no token quantity.",360,201,199,1,True,logged_http_200_api_request,success_evidence,"success_evidence means at least one logged HTTP 200 API request; it does not prove a complete outer turn, meaningful response, social action, task completion, tokens, or cost."
122174,agent-111,111,True,0,1,1,"[""swarm/vitals/agent-0111.log""]",2131,1,330,960,715,392,"Logged successful API-request count only; multiple API requests can occur inside one model turn, and it carries no token quantity.",307,201,200,1,True,logged_http_200_api_request,success_evidence,"success_evidence means at least one logged HTTP 200 API request; it does not prove a complete outer turn, meaningful response, social action, task completion, tokens, or cost."
122174,agent-116,116,True,0,1,1,"[""swarm/vitals/agent-0116.log""]",6233,1,6030,0,0,0,"Logged successful API-request count only; multiple API requests can occur inside one model turn, and it carries no token quantity.",0,201,0,1,False,,log_or_start_footprint_only,"success_evidence means at least one logged HTTP 200 API request; it does not prove a complete outer turn, meaningful response, social action, task completion, tokens, or cost."
122174,agent-121,121,True,0,1,1,"[""swarm/vitals/agent-0121.log""]",1678,1,279,807,533,262,"Logged successful API-request count only; multiple API requests can occur inside one model turn, and it carries no token quantity.",128,201,200,1,True,logged_http_200_api_request,success_evidence,"success_evidence means at least one logged HTTP 200 API request; it does not prove a complete outer turn, meaningful response, social action, task completion, tokens, or cost."
122174,agent-126,126,True,0,1,1,"[""swarm/vitals/agent-0126.log""]",6233,1,6030,0,0,0,"Logged successful API-request count only; multiple API requests can occur inside one model turn, and it carries no token quantity.",0,201,0,1,False,,log_or_start_footprint_only,"success_evidence means at least one logged HTTP 200 API request; it does not prove a complete outer turn, meaningful response, social action, task completion, tokens, or cost."
122174,agent-131,131,True,0,1,1,"[""swarm/vitals/agent-0131.log""]",1290,1,4,0,518,518,"Logged successful API-request count only; multiple API requests can occur inside one model turn, and it carries no token quantity.",353,201,197,1,True,logged_http_200_api_request,success_evidence,"success_evidence means at least one logged HTTP 200 API request; it does not prove a complete outer turn, meaningful response, social action, task completion, tokens, or cost."
122174,agent-136,136,True,0,1,1,"[""swarm/vitals/agent-0136.log""]",12682,1,5866,14,5999,133,"Logged successful API-request count only; multiple API requests can occur inside one model turn, and it carries no token quantity.",160,201,0,1,True,logged_http_200_api_request,success_evidence,"success_evidence means at least one logged HTTP 200 API request; it does not prove a complete outer turn, meaningful response, social action, task completion, tokens, or cost."
122174,agent-141,141,True,0,1,1,"[""swarm/vitals/agent-0141.log""]",1682,1,6,0,422,422,"Logged successful API-request count only; multiple API requests can occur inside one model turn, and it carries no token quantity.",236,201,198,1,True,logged_http_200_api_request,success_evidence,"success_evidence means at least one logged HTTP 200 API request; it does not prove a complete outer turn, meaningful response, social action, task completion, tokens, or cost."
122174,agent-146,146,True,0,1,1,"[""swarm/vitals/agent-0146.log""]",1095,1,36,192,416,288,"Logged successful API-request count only; multiple API requests can occur inside one model turn, and it carries no token quantity.",139,201,200,1,True,logged_http_200_api_request,success_evidence,"success_evidence means at least one logged HTTP 200 API request; it does not prove a complete outer turn, meaningful response, social action, task completion, tokens, or cost."
122174,agent-151,151,True,0,1,1,"[""swarm/vitals/agent-0151.log""]",1252,1,9,0,468,468,"Logged successful API-request count only; multiple API requests can occur inside one model turn, and it carries no token quantity.",289,201,197,1,True,logged_http_200_api_request,success_evidence,"success_evidence means at least one logged HTTP 200 API request; it does not prove a complete outer turn, meaningful response, social action, task completion, tokens, or cost."
122174,agent-156,156,True,0,1,1,"[""swarm/vitals/agent-0156.log""]",927,1,3,150,372,297,"Logged successful API-request count only; multiple API requests can occur inside one model turn, and it carries no token quantity.",152,201,201,1,True,logged_http_200_api_request,success_evidence,"success_evidence means at least one logged HTTP 200 API request; it does not prove a complete outer turn, meaningful response, social action, task completion, tokens, or cost."
122174,agent-161,161,True,0,1,1,"[""swarm/vitals/agent-0161.log""]",6233,1,6030,0,0,0,"Logged successful API-request count only; multiple API requests can occur inside one model turn, and it carries no token quantity.",0,201,0,1,False,,log_or_start_footprint_only,"success_evidence means at least one logged HTTP 200 API request; it does not prove a complete outer turn, meaningful response, social action, task completion, tokens, or cost."
122174,agent-166,166,True,0,1,1,"[""swarm/vitals/agent-0166.log""]",742,1,4,118,309,249,"Logged successful API-request count only; multiple API requests can occur inside one model turn, and it carries no token quantity.",104,201,199,1,True,logged_http_200_api_request,success_evidence,"success_evidence means at least one logged HTTP 200 API request; it does not prove a complete outer turn, meaningful response, social action, task completion, tokens, or cost."
122174,agent-171,171,True,0,1,1,"[""swarm/vitals/agent-0171.log""]",5874,1,5684,0,0,0,"Logged successful API-request count only; multiple API requests can occur inside one model turn, and it carries no token quantity.",0,189,0,0,False,,log_or_start_footprint_only,"success_evidence means at least one logged HTTP 200 API request; it does not prove a complete outer turn, meaningful response, social action, task completion, tokens, or cost."
122174,agent-176,176,True,0,1,1,"[""swarm/vitals/agent-0176.log""]",8389,1,2267,0,2759,521,"Logged successful API-request count only; multiple API requests can occur inside one model turn, and it carries no token quantity.",494,140,60,0,True,logged_http_200_api_request,success_evidence,"success_evidence means at least one logged HTTP 200 API request; it does not prove a complete outer turn, meaningful response, social action, task completion, tokens, or cost."
122174,agent-181,181,True,0,1,1,"[""swarm/vitals/agent-0181.log""]",9250,1,4079,58,4290,168,"Logged successful API-request count only; multiple API requests can occur inside one model turn, and it carries no token quantity.",157,172,31,0,True,logged_http_200_api_request,success_evidence,"success_evidence means at least one logged HTTP 200 API request; it does not prove a complete outer turn, meaningful response, social action, task completion, tokens, or cost."
122174,agent-186,186,True,0,1,1,"[""swarm/vitals/agent-0186.log""]",7539,1,1809,0,2443,661,"Logged successful API-request count only; multiple API requests can occur inside one model turn, and it carries no token quantity.",613,134,71,0,True,logged_http_200_api_request,success_evidence,"success_evidence means at least one logged HTTP 200 API request; it does not prove a complete outer turn, meaningful response, social action, task completion, tokens, or cost."
122174,agent-191,191,True,0,1,1,"[""swarm/vitals/agent-0191.log""]",1102,1,5,344,473,299,"Logged successful API-request count only; multiple API requests can occur inside one model turn, and it carries no token quantity.",147,201,201,1,True,logged_http_200_api_request,success_evidence,"success_evidence means at least one logged HTTP 200 API request; it does not prove a complete outer turn, meaningful response, social action, task completion, tokens, or cost."
122174,agent-196,196,True,0,1,1,"[""swarm/vitals/agent-0196.log""]",1222,1,29,10,420,414,"Logged successful API-request count only; multiple API requests can occur inside one model turn, and it carries no token quantity.",380,42,39,0,True,logged_http_200_api_request,success_evidence,"success_evidence means at least one logged HTTP 200 API request; it does not prove a complete outer turn, meaningful response, social action, task completion, tokens, or cost."
122174,agent-201,201,True,0,1,1,"[""swarm/vitals/agent-0201.log""]",661,1,2,212,242,136,"Logged successful API-request count only; multiple API requests can occur inside one model turn, and it carries no token quantity.",106,72,71,0,True,logged_http_200_api_request,success_evidence,"success_evidence means at least one logged HTTP 200 API request; it does not prove a complete outer turn, meaningful response, social action, task completion, tokens, or cost."
122174,agent-206,206,True,0,1,1,"[""swarm/vitals/agent-0206.log""]",442,1,427,0,0,0,"Logged successful API-request count only; multiple API requests can occur inside one model turn, and it carries no token quantity.",0,14,0,0,False,,log_or_start_footprint_only,"success_evidence means at least one logged HTTP 200 API request; it does not prove a complete outer turn, meaningful response, social action, task completion, tokens, or cost."
122174,agent-211,211,True,0,1,1,"[""swarm/vitals/agent-0211.log""]",248,1,3,78,86,47,"Logged successful API-request count only; multiple API requests can occur inside one model turn, and it carries no token quantity.",48,22,22,0,True,logged_http_200_api_request,success_evidence,"success_evidence means at least one logged HTTP 200 API request; it does not prove a complete outer turn, meaningful response, social action, task completion, tokens, or cost."
122174,agent-216,216,True,0,0,0,[],0,0,0,0,0,0,"Logged successful API-request count only; multiple API requests can occur inside one model turn, and it carries no token quantity.",0,0,0,0,False,,planned_only,"success_evidence means at least one logged HTTP 200 API request; it does not prove a complete outer turn, meaningful response, social action, task completion, tokens, or cost."
122174,agent-221,221,True,0,0,0,[],0,0,0,0,0,0,"Logged successful API-request count only; multiple API requests can occur inside one model turn, and it carries no token quantity.",0,0,0,0,False,,planned_only,"success_evidence means at least one logged HTTP 200 API request; it does not prove a complete outer turn, meaningful response, social action, task completion, tokens, or cost."
122174,agent-226,226,True,0,0,0,[],0,0,0,0,0,0,"Logged successful API-request count only; multiple API requests can occur inside one model turn, and it carries no token quantity.",0,0,0,0,False,,planned_only,"success_evidence means at least one logged HTTP 200 API request; it does not prove a complete outer turn, meaningful response, social action, task completion, tokens, or cost."
122174,agent-231,231,True,0,0,0,[],0,0,0,0,0,0,"Logged successful API-request count only; multiple API requests can occur inside one model turn, and it carries no token quantity.",0,0,0,0,False,,planned_only,"success_evidence means at least one logged HTTP 200 API request; it does not prove a complete outer turn, meaningful response, social action, task completion, tokens, or cost."
122174,agent-236,236,True,0,0,0,[],0,0,0,0,0,0,"Logged successful API-request count only; multiple API requests can occur inside one model turn, and it carries no token quantity.",0,0,0,0,False,,planned_only,"success_evidence means at least one logged HTTP 200 API request; it does not prove a complete outer turn, meaningful response, social action, task completion, tokens, or cost."
122174,agent-241,241,True,0,0,0,[],0,0,0,0,0,0,"Logged successful API-request count only; multiple API requests can occur inside one model turn, and it carries no token quantity.",0,0,0,0,False,,planned_only,"success_evidence means at least one logged HTTP 200 API request; it does not prove a complete outer turn, meaningful response, social action, task completion, tokens, or cost."
122174,agent-246,246,True,0,0,0,[],0,0,0,0,0,0,"Logged successful API-request count only; multiple API requests can occur inside one model turn, and it carries no token quantity.",0,0,0,0,False,,planned_only,"success_evidence means at least one logged HTTP 200 API request; it does not prove a complete outer turn, meaningful response, social action, task completion, tokens, or cost."
122174,agent-251,251,True,0,0,0,[],0,0,0,0,0,0,"Logged successful API-request count only; multiple API requests can occur inside one model turn, and it carries no token quantity.",0,0,0,0,False,,planned_only,"success_evidence means at least one logged HTTP 200 API request; it does not prove a complete outer turn, meaningful response, social action, task completion, tokens, or cost."
122174,agent-256,256,True,0,0,0,[],0,0,0,0,0,0,"Logged successful API-request count only; multiple API requests can occur inside one model turn, and it carries no token quantity.",0,0,0,0,False,,planned_only,"success_evidence means at least one logged HTTP 200 API request; it does not prove a complete outer turn, meaningful response, social action, task completion, tokens, or cost."
122174,agent-261,261,True,0,0,0,[],0,0,0,0,0,0,"Logged successful API-request count only; multiple API requests can occur inside one model turn, and it carries no token quantity.",0,0,0,0,False,,planned_only,"success_evidence means at least one logged HTTP 200 API request; it does not prove a complete outer turn, meaningful response, social action, task completion, tokens, or cost."
122174,agent-266,266,True,0,0,0,[],0,0,0,0,0,0,"Logged successful API-request count only; multiple API requests can occur inside one model turn, and it carries no token quantity.",0,0,0,0,False,,planned_only,"success_evidence means at least one logged HTTP 200 API request; it does not prove a complete outer turn, meaningful response, social action, task completion, tokens, or cost."
122174,agent-271,271,True,0,0,0,[],0,0,0,0,0,0,"Logged successful API-request count only; multiple API requests can occur inside one model turn, and it carries no token quantity.",0,0,0,0,False,,planned_only,"success_evidence means at least one logged HTTP 200 API request; it does not prove a complete outer turn, meaningful response, social action, task completion, tokens, or cost."
122174,agent-276,276,True,0,0,0,[],0,0,0,0,0,0,"Logged successful API-request count only; multiple API requests can occur inside one model turn, and it carries no token quantity.",0,0,0,0,False,,planned_only,"success_evidence means at least one logged HTTP 200 API request; it does not prove a complete outer turn, meaningful response, social action, task completion, tokens, or cost."
122174,agent-281,281,True,0,0,0,[],0,0,0,0,0,0,"Logged successful API-request count only; multiple API requests can occur inside one model turn, and it carries no token quantity.",0,0,0,0,False,,planned_only,"success_evidence means at least one logged HTTP 200 API request; it does not prove a complete outer turn, meaningful response, social action, task completion, tokens, or cost."
122174,agent-286,286,True,0,0,0,[],0,0,0,0,0,0,"Logged successful API-request count only; multiple API requests can occur inside one model turn, and it carries no token quantity.",0,0,0,0,False,,planned_only,"success_evidence means at least one logged HTTP 200 API request; it does not prove a complete outer turn, meaningful response, social action, task completion, tokens, or cost."
122174,agent-291,291,True,0,0,0,[],0,0,0,0,0,0,"Logged successful API-request count only; multiple API requests can occur inside one model turn, and it carries no token quantity.",0,0,0,0,False,,planned_only,"success_evidence means at least one logged HTTP 200 API request; it does not prove a complete outer turn, meaningful response, social action, task completion, tokens, or cost."
122174,agent-296,296,True,0,0,0,[],0,0,0,0,0,0,"Logged successful API-request count only; multiple API requests can occur inside one model turn, and it carries no token quantity.",0,0,0,0,False,,planned_only,"success_evidence means at least one logged HTTP 200 API request; it does not prove a complete outer turn, meaningful response, social action, task completion, tokens, or cost."
122174,agent-301,301,True,0,0,0,[],0,0,0,0,0,0,"Logged successful API-request count only; multiple API requests can occur inside one model turn, and it carries no token quantity.",0,0,0,0,False,,planned_only,"success_evidence means at least one logged HTTP 200 API request; it does not prove a complete outer turn, meaningful response, social action, task completion, tokens, or cost."
122174,agent-306,306,True,0,0,0,[],0,0,0,0,0,0,"Logged successful API-request count only; multiple API requests can occur inside one model turn, and it carries no token quantity.",0,0,0,0,False,,planned_only,"success_evidence means at least one logged HTTP 200 API request; it does not prove a complete outer turn, meaningful response, social action, task completion, tokens, or cost."
122174,agent-311,311,True,0,0,0,[],0,0,0,0,0,0,"Logged successful API-request count only; multiple API requests can occur inside one model turn, and it carries no token quantity.",0,0,0,0,False,,planned_only,"success_evidence means at least one logged HTTP 200 API request; it does not prove a complete outer turn, meaningful response, social action, task completion, tokens, or cost."
122174,agent-316,316,True,0,0,0,[],0,0,0,0,0,0,"Logged successful API-request count only; multiple API requests can occur inside one model turn, and it carries no token quantity.",0,0,0,0,False,,planned_only,"success_evidence means at least one logged HTTP 200 API request; it does not prove a complete outer turn, meaningful response, social action, task completion, tokens, or cost."
122174,agent-321,321,True,0,0,0,[],0,0,0,0,0,0,"Logged successful API-request count only; multiple API requests can occur inside one model turn, and it carries no token quantity.",0,0,0,0,False,,planned_only,"success_evidence means at least one logged HTTP 200 API request; it does not prove a complete outer turn, meaningful response, social action, task completion, tokens, or cost."
122174,agent-326,326,True,0,0,0,[],0,0,0,0,0,0,"Logged successful API-request count only; multiple API requests can occur inside one model turn, and it carries no token quantity.",0,0,0,0,False,,planned_only,"success_evidence means at least one logged HTTP 200 API request; it does not prove a complete outer turn, meaningful response, social action, task completion, tokens, or cost."
122174,agent-331,331,True,0,0,0,[],0,0,0,0,0,0,"Logged successful API-request count only; multiple API requests can occur inside one model turn, and it carries no token quantity.",0,0,0,0,False,,planned_only,"success_evidence means at least one logged HTTP 200 API request; it does not prove a complete outer turn, meaningful response, social action, task completion, tokens, or cost."
122174,agent-336,336,True,0,0,0,[],0,0,0,0,0,0,"Logged successful API-request count only; multiple API requests can occur inside one model turn, and it carries no token quantity.",0,0,0,0,False,,planned_only,"success_evidence means at least one logged HTTP 200 API request; it does not prove a complete outer turn, meaningful response, social action, task completion, tokens, or cost."
122174,agent-341,341,True,0,0,0,[],0,0,0,0,0,0,"Logged successful API-request count only; multiple API requests can occur inside one model turn, and it carries no token quantity.",0,0,0,0,False,,planned_only,"success_evidence means at least one logged HTTP 200 API request; it does not prove a complete outer turn, meaningful response, social action, task completion, tokens, or cost."
122174,agent-346,346,True,0,0,0,[],0,0,0,0,0,0,"Logged successful API-request count only; multiple API requests can occur inside one model turn, and it carries no token quantity.",0,0,0,0,False,,planned_only,"success_evidence means at least one logged HTTP 200 API request; it does not prove a complete outer turn, meaningful response, social action, task completion, tokens, or cost."
122174,agent-351,351,True,0,0,0,[],0,0,0,0,0,0,"Logged successful API-request count only; multiple API requests can occur inside one model turn, and it carries no token quantity.",0,0,0,0,False,,planned_only,"success_evidence means at least one logged HTTP 200 API request; it does not prove a complete outer turn, meaningful response, social action, task completion, tokens, or cost."
122174,agent-356,356,True,0,0,0,[],0,0,0,0,0,0,"Logged successful API-request count only; multiple API requests can occur inside one model turn, and it carries no token quantity.",0,0,0,0,False,,planned_only,"success_evidence means at least one logged HTTP 200 API request; it does not prove a complete outer turn, meaningful response, social action, task completion, tokens, or cost."
122174,agent-361,361,True,0,0,0,[],0,0,0,0,0,0,"Logged successful API-request count only; multiple API requests can occur inside one model turn, and it carries no token quantity.",0,0,0,0,False,,planned_only,"success_evidence means at least one logged HTTP 200 API request; it does not prove a complete outer turn, meaningful response, social action, task completion, tokens, or cost."
122174,agent-366,366,True,0,0,0,[],0,0,0,0,0,0,"Logged successful API-request count only; multiple API requests can occur inside one model turn, and it carries no token quantity.",0,0,0,0,False,,planned_only,"success_evidence means at least one logged HTTP 200 API request; it does not prove a complete outer turn, meaningful response, social action, task completion, tokens, or cost."
122174,agent-371,371,True,0,0,0,[],0,0,0,0,0,0,"Logged successful API-request count only; multiple API requests can occur inside one model turn, and it carries no token quantity.",0,0,0,0,False,,planned_only,"success_evidence means at least one logged HTTP 200 API request; it does not prove a complete outer turn, meaningful response, social action, task completion, tokens, or cost."
122174,agent-376,376,True,0,0,0,[],0,0,0,0,0,0,"Logged successful API-request count only; multiple API requests can occur inside one model turn, and it carries no token quantity.",0,0,0,0,False,,planned_only,"success_evidence means at least one logged HTTP 200 API request; it does not prove a complete outer turn, meaningful response, social action, task completion, tokens, or cost."
122174,agent-381,381,True,0,0,0,[],0,0,0,0,0,0,"Logged successful API-request count only; multiple API requests can occur inside one model turn, and it carries no token quantity.",0,0,0,0,False,,planned_only,"success_evidence means at least one logged HTTP 200 API request; it does not prove a complete outer turn, meaningful response, social action, task completion, tokens, or cost."
122174,agent-386,386,True,0,0,0,[],0,0,0,0,0,0,"Logged successful API-request count only; multiple API requests can occur inside one model turn, and it carries no token quantity.",0,0,0,0,False,,planned_only,"success_evidence means at least one logged HTTP 200 API request; it does not prove a complete outer turn, meaningful response, social action, task completion, tokens, or cost."
122174,agent-391,391,True,0,0,0,[],0,0,0,0,0,0,"Logged successful API-request count only; multiple API requests can occur inside one model turn, and it carries no token quantity.",0,0,0,0,False,,planned_only,"success_evidence means at least one logged HTTP 200 API request; it does not prove a complete outer turn, meaningful response, social action, task completion, tokens, or cost."
122174,agent-396,396,True,0,0,0,[],0,0,0,0,0,0,"Logged successful API-request count only; multiple API requests can occur inside one model turn, and it carries no token quantity.",0,0,0,0,False,,planned_only,"success_evidence means at least one logged HTTP 200 API request; it does not prove a complete outer turn, meaningful response, social action, task completion, tokens, or cost."
122174,agent-401,401,True,0,0,0,[],0,0,0,0,0,0,"Logged successful API-request count only; multiple API requests can occur inside one model turn, and it carries no token quantity.",0,0,0,0,False,,planned_only,"success_evidence means at least one logged HTTP 200 API request; it does not prove a complete outer turn, meaningful response, social action, task completion, tokens, or cost."
122174,agent-406,406,True,0,0,0,[],0,0,0,0,0,0,"Logged successful API-request count only; multiple API requests can occur inside one model turn, and it carries no token quantity.",0,0,0,0,False,,planned_only,"success_evidence means at least one logged HTTP 200 API request; it does not prove a complete outer turn, meaningful response, social action, task completion, tokens, or cost."
122174,agent-411,411,True,0,0,0,[],0,0,0,0,0,0,"Logged successful API-request count only; multiple API requests can occur inside one model turn, and it carries no token quantity.",0,0,0,0,False,,planned_only,"success_evidence means at least one logged HTTP 200 API request; it does not prove a complete outer turn, meaningful response, social action, task completion, tokens, or cost."
122174,agent-416,416,True,0,0,0,[],0,0,0,0,0,0,"Logged successful API-request count only; multiple API requests can occur inside one model turn, and it carries no token quantity.",0,0,0,0,False,,planned_only,"success_evidence means at least one logged HTTP 200 API request; it does not prove a complete outer turn, meaningful response, social action, task completion, tokens, or cost."
122174,agent-421,421,True,0,0,0,[],0,0,0,0,0,0,"Logged successful API-request count only; multiple API requests can occur inside one model turn, and it carries no token quantity.",0,0,0,0,False,,planned_only,"success_evidence means at least one logged HTTP 200 API request; it does not prove a complete outer turn, meaningful response, social action, task completion, tokens, or cost."
122174,agent-426,426,True,0,0,0,[],0,0,0,0,0,0,"Logged successful API-request count only; multiple API requests can occur inside one model turn, and it carries no token quantity.",0,0,0,0,False,,planned_only,"success_evidence means at least one logged HTTP 200 API request; it does not prove a complete outer turn, meaningful response, social action, task completion, tokens, or cost."
122174,agent-431,431,True,0,0,0,[],0,0,0,0,0,0,"Logged successful API-request count only; multiple API requests can occur inside one model turn, and it carries no token quantity.",0,0,0,0,False,,planned_only,"success_evidence means at least one logged HTTP 200 API request; it does not prove a complete outer turn, meaningful response, social action, task completion, tokens, or cost."
122174,agent-436,436,True,0,0,0,[],0,0,0,0,0,0,"Logged successful API-request count only; multiple API requests can occur inside one model turn, and it carries no token quantity.",0,0,0,0,False,,planned_only,"success_evidence means at least one logged HTTP 200 API request; it does not prove a complete outer turn, meaningful response, social action, task completion, tokens, or cost."
122174,agent-441,441,True,0,0,0,[],0,0,0,0,0,0,"Logged successful API-request count only; multiple API requests can occur inside one model turn, and it carries no token quantity.",0,0,0,0,False,,planned_only,"success_evidence means at least one logged HTTP 200 API request; it does not prove a complete outer turn, meaningful response, social action, task completion, tokens, or cost."
122174,agent-446,446,True,0,0,0,[],0,0,0,0,0,0,"Logged successful API-request count only; multiple API requests can occur inside one model turn, and it carries no token quantity.",0,0,0,0,False,,planned_only,"success_evidence means at least one logged HTTP 200 API request; it does not prove a complete outer turn, meaningful response, social action, task completion, tokens, or cost."
122174,agent-451,451,True,0,0,0,[],0,0,0,0,0,0,"Logged successful API-request count only; multiple API requests can occur inside one model turn, and it carries no token quantity.",0,0,0,0,False,,planned_only,"success_evidence means at least one logged HTTP 200 API request; it does not prove a complete outer turn, meaningful response, social action, task completion, tokens, or cost."
122174,agent-456,456,True,0,0,0,[],0,0,0,0,0,0,"Logged successful API-request count only; multiple API requests can occur inside one model turn, and it carries no token quantity.",0,0,0,0,False,,planned_only,"success_evidence means at least one logged HTTP 200 API request; it does not prove a complete outer turn, meaningful response, social action, task completion, tokens, or cost."
122174,agent-461,461,True,0,0,0,[],0,0,0,0,0,0,"Logged successful API-request count only; multiple API requests can occur inside one model turn, and it carries no token quantity.",0,0,0,0,False,,planned_only,"success_evidence means at least one logged HTTP 200 API request; it does not prove a complete outer turn, meaningful response, social action, task completion, tokens, or cost."
122174,agent-466,466,True,0,0,0,[],0,0,0,0,0,0,"Logged successful API-request count only; multiple API requests can occur inside one model turn, and it carries no token quantity.",0,0,0,0,False,,planned_only,"success_evidence means at least one logged HTTP 200 API request; it does not prove a complete outer turn, meaningful response, social action, task completion, tokens, or cost."
122174,agent-471,471,True,0,0,0,[],0,0,0,0,0,0,"Logged successful API-request count only; multiple API requests can occur inside one model turn, and it carries no token quantity.",0,0,0,0,False,,planned_only,"success_evidence means at least one logged HTTP 200 API request; it does not prove a complete outer turn, meaningful response, social action, task completion, tokens, or cost."
122174,agent-476,476,True,0,0,0,[],0,0,0,0,0,0,"Logged successful API-request count only; multiple API requests can occur inside one model turn, and it carries no token quantity.",0,0,0,0,False,,planned_only,"success_evidence means at least one logged HTTP 200 API request; it does not prove a complete outer turn, meaningful response, social action, task completion, tokens, or cost."
122174,agent-481,481,True,0,0,0,[],0,0,0,0,0,0,"Logged successful API-request count only; multiple API requests can occur inside one model turn, and it carries no token quantity.",0,0,0,0,False,,planned_only,"success_evidence means at least one logged HTTP 200 API request; it does not prove a complete outer turn, meaningful response, social action, task completion, tokens, or cost."
122174,agent-486,486,True,0,0,0,[],0,0,0,0,0,0,"Logged successful API-request count only; multiple API requests can occur inside one model turn, and it carries no token quantity.",0,0,0,0,False,,planned_only,"success_evidence means at least one logged HTTP 200 API request; it does not prove a complete outer turn, meaningful response, social action, task completion, tokens, or cost."
122174,agent-491,491,True,0,0,0,[],0,0,0,0,0,0,"Logged successful API-request count only; multiple API requests can occur inside one model turn, and it carries no token quantity.",0,0,0,0,False,,planned_only,"success_evidence means at least one logged HTTP 200 API request; it does not prove a complete outer turn, meaningful response, social action, task completion, tokens, or cost."
122174,agent-496,496,True,0,0,0,[],0,0,0,0,0,0,"Logged successful API-request count only; multiple API requests can occur inside one model turn, and it carries no token quantity.",0,0,0,0,False,,planned_only,"success_evidence means at least one logged HTTP 200 API request; it does not prove a complete outer turn, meaningful response, social action, task completion, tokens, or cost."
122174,agent-501,501,True,0,0,0,[],0,0,0,0,0,0,"Logged successful API-request count only; multiple API requests can occur inside one model turn, and it carries no token quantity.",0,0,0,0,False,,planned_only,"success_evidence means at least one logged HTTP 200 API request; it does not prove a complete outer turn, meaningful response, social action, task completion, tokens, or cost."
122174,agent-506,506,True,0,0,0,[],0,0,0,0,0,0,"Logged successful API-request count only; multiple API requests can occur inside one model turn, and it carries no token quantity.",0,0,0,0,False,,planned_only,"success_evidence means at least one logged HTTP 200 API request; it does not prove a complete outer turn, meaningful response, social action, task completion, tokens, or cost."
122174,agent-511,511,True,0,0,0,[],0,0,0,0,0,0,"Logged successful API-request count only; multiple API requests can occur inside one model turn, and it carries no token quantity.",0,0,0,0,False,,planned_only,"success_evidence means at least one logged HTTP 200 API request; it does not prove a complete outer turn, meaningful response, social action, task completion, tokens, or cost."
122174,agent-516,516,True,0,0,0,[],0,0,0,0,0,0,"Logged successful API-request count only; multiple API requests can occur inside one model turn, and it carries no token quantity.",0,0,0,0,False,,planned_only,"success_evidence means at least one logged HTTP 200 API request; it does not prove a complete outer turn, meaningful response, social action, task completion, tokens, or cost."
122174,agent-521,521,True,0,0,0,[],0,0,0,0,0,0,"Logged successful API-request count only; multiple API requests can occur inside one model turn, and it carries no token quantity.",0,0,0,0,False,,planned_only,"success_evidence means at least one logged HTTP 200 API request; it does not prove a complete outer turn, meaningful response, social action, task completion, tokens, or cost."
122174,agent-526,526,True,0,0,0,[],0,0,0,0,0,0,"Logged successful API-request count only; multiple API requests can occur inside one model turn, and it carries no token quantity.",0,0,0,0,False,,planned_only,"success_evidence means at least one logged HTTP 200 API request; it does not prove a complete outer turn, meaningful response, social action, task completion, tokens, or cost."
122174,agent-531,531,True,0,0,0,[],0,0,0,0,0,0,"Logged successful API-request count only; multiple API requests can occur inside one model turn, and it carries no token quantity.",0,0,0,0,False,,planned_only,"success_evidence means at least one logged HTTP 200 API request; it does not prove a complete outer turn, meaningful response, social action, task completion, tokens, or cost."
122174,agent-536,536,True,0,0,0,[],0,0,0,0,0,0,"Logged successful API-request count only; multiple API requests can occur inside one model turn, and it carries no token quantity.",0,0,0,0,False,,planned_only,"success_evidence means at least one logged HTTP 200 API request; it does not prove a complete outer turn, meaningful response, social action, task completion, tokens, or cost."
122174,agent-541,541,True,0,0,0,[],0,0,0,0,0,0,"Logged successful API-request count only; multiple API requests can occur inside one model turn, and it carries no token quantity.",0,0,0,0,False,,planned_only,"success_evidence means at least one logged HTTP 200 API request; it does not prove a complete outer turn, meaningful response, social action, task completion, tokens, or cost."
122174,agent-546,546,True,0,0,0,[],0,0,0,0,0,0,"Logged successful API-request count only; multiple API requests can occur inside one model turn, and it carries no token quantity.",0,0,0,0,False,,planned_only,"success_evidence means at least one logged HTTP 200 API request; it does not prove a complete outer turn, meaningful response, social action, task completion, tokens, or cost."
122174,agent-551,551,True,0,0,0,[],0,0,0,0,0,0,"Logged successful API-request count only; multiple API requests can occur inside one model turn, and it carries no token quantity.",0,0,0,0,False,,planned_only,"success_evidence means at least one logged HTTP 200 API request; it does not prove a complete outer turn, meaningful response, social action, task completion, tokens, or cost."
122174,agent-556,556,True,0,0,0,[],0,0,0,0,0,0,"Logged successful API-request count only; multiple API requests can occur inside one model turn, and it carries no token quantity.",0,0,0,0,False,,planned_only,"success_evidence means at least one logged HTTP 200 API request; it does not prove a complete outer turn, meaningful response, social action, task completion, tokens, or cost."
122174,agent-561,561,True,0,0,0,[],0,0,0,0,0,0,"Logged successful API-request count only; multiple API requests can occur inside one model turn, and it carries no token quantity.",0,0,0,0,False,,planned_only,"success_evidence means at least one logged HTTP 200 API request; it does not prove a complete outer turn, meaningful response, social action, task completion, tokens, or cost."
122174,agent-566,566,True,0,0,0,[],0,0,0,0,0,0,"Logged successful API-request count only; multiple API requests can occur inside one model turn, and it carries no token quantity.",0,0,0,0,False,,planned_only,"success_evidence means at least one logged HTTP 200 API request; it does not prove a complete outer turn, meaningful response, social action, task completion, tokens, or cost."
122174,agent-571,571,True,0,0,0,[],0,0,0,0,0,0,"Logged successful API-request count only; multiple API requests can occur inside one model turn, and it carries no token quantity.",0,0,0,0,False,,planned_only,"success_evidence means at least one logged HTTP 200 API request; it does not prove a complete outer turn, meaningful response, social action, task completion, tokens, or cost."
122174,agent-576,576,True,0,0,0,[],0,0,0,0,0,0,"Logged successful API-request count only; multiple API requests can occur inside one model turn, and it carries no token quantity.",0,0,0,0,False,,planned_only,"success_evidence means at least one logged HTTP 200 API request; it does not prove a complete outer turn, meaningful response, social action, task completion, tokens, or cost."
122174,agent-581,581,True,0,0,0,[],0,0,0,0,0,0,"Logged successful API-request count only; multiple API requests can occur inside one model turn, and it carries no token quantity.",0,0,0,0,False,,planned_only,"success_evidence means at least one logged HTTP 200 API request; it does not prove a complete outer turn, meaningful response, social action, task completion, tokens, or cost."
122174,agent-586,586,True,0,0,0,[],0,0,0,0,0,0,"Logged successful API-request count only; multiple API requests can occur inside one model turn, and it carries no token quantity.",0,0,0,0,False,,planned_only,"success_evidence means at least one logged HTTP 200 API request; it does not prove a complete outer turn, meaningful response, social action, task completion, tokens, or cost."
122174,agent-591,591,True,0,0,0,[],0,0,0,0,0,0,"Logged successful API-request count only; multiple API requests can occur inside one model turn, and it carries no token quantity.",0,0,0,0,False,,planned_only,"success_evidence means at least one logged HTTP 200 API request; it does not prove a complete outer turn, meaningful response, social action, task completion, tokens, or cost."
122174,agent-596,596,True,0,0,0,[],0,0,0,0,0,0,"Logged successful API-request count only; multiple API requests can occur inside one model turn, and it carries no token quantity.",0,0,0,0,False,,planned_only,"success_evidence means at least one logged HTTP 200 API request; it does not prove a complete outer turn, meaningful response, social action, task completion, tokens, or cost."
122174,agent-601,601,True,0,0,0,[],0,0,0,0,0,0,"Logged successful API-request count only; multiple API requests can occur inside one model turn, and it carries no token quantity.",0,0,0,0,False,,planned_only,"success_evidence means at least one logged HTTP 200 API request; it does not prove a complete outer turn, meaningful response, social action, task completion, tokens, or cost."
122174,agent-606,606,True,0,0,0,[],0,0,0,0,0,0,"Logged successful API-request count only; multiple API requests can occur inside one model turn, and it carries no token quantity.",0,0,0,0,False,,planned_only,"success_evidence means at least one logged HTTP 200 API request; it does not prove a complete outer turn, meaningful response, social action, task completion, tokens, or cost."
122174,agent-611,611,True,0,0,0,[],0,0,0,0,0,0,"Logged successful API-request count only; multiple API requests can occur inside one model turn, and it carries no token quantity.",0,0,0,0,False,,planned_only,"success_evidence means at least one logged HTTP 200 API request; it does not prove a complete outer turn, meaningful response, social action, task completion, tokens, or cost."
122174,agent-616,616,True,0,0,0,[],0,0,0,0,0,0,"Logged successful API-request count only; multiple API requests can occur inside one model turn, and it carries no token quantity.",0,0,0,0,False,,planned_only,"success_evidence means at least one logged HTTP 200 API request; it does not prove a complete outer turn, meaningful response, social action, task completion, tokens, or cost."
122174,agent-621,621,True,0,0,0,[],0,0,0,0,0,0,"Logged successful API-request count only; multiple API requests can occur inside one model turn, and it carries no token quantity.",0,0,0,0,False,,planned_only,"success_evidence means at least one logged HTTP 200 API request; it does not prove a complete outer turn, meaningful response, social action, task completion, tokens, or cost."
122174,agent-626,626,True,0,0,0,[],0,0,0,0,0,0,"Logged successful API-request count only; multiple API requests can occur inside one model turn, and it carries no token quantity.",0,0,0,0,False,,planned_only,"success_evidence means at least one logged HTTP 200 API request; it does not prove a complete outer turn, meaningful response, social action, task completion, tokens, or cost."
122174,agent-631,631,True,0,0,0,[],0,0,0,0,0,0,"Logged successful API-request count only; multiple API requests can occur inside one model turn, and it carries no token quantity.",0,0,0,0,False,,planned_only,"success_evidence means at least one logged HTTP 200 API request; it does not prove a complete outer turn, meaningful response, social action, task completion, tokens, or cost."
122174,agent-636,636,True,0,0,0,[],0,0,0,0,0,0,"Logged successful API-request count only; multiple API requests can occur inside one model turn, and it carries no token quantity.",0,0,0,0,False,,planned_only,"success_evidence means at least one logged HTTP 200 API request; it does not prove a complete outer turn, meaningful response, social action, task completion, tokens, or cost."
122174,agent-641,641,True,0,0,0,[],0,0,0,0,0,0,"Logged successful API-request count only; multiple API requests can occur inside one model turn, and it carries no token quantity.",0,0,0,0,False,,planned_only,"success_evidence means at least one logged HTTP 200 API request; it does not prove a complete outer turn, meaningful response, social action, task completion, tokens, or cost."
122174,agent-646,646,True,0,0,0,[],0,0,0,0,0,0,"Logged successful API-request count only; multiple API requests can occur inside one model turn, and it carries no token quantity.",0,0,0,0,False,,planned_only,"success_evidence means at least one logged HTTP 200 API request; it does not prove a complete outer turn, meaningful response, social action, task completion, tokens, or cost."
122174,agent-651,651,True,0,0,0,[],0,0,0,0,0,0,"Logged successful API-request count only; multiple API requests can occur inside one model turn, and it carries no token quantity.",0,0,0,0,False,,planned_only,"success_evidence means at least one logged HTTP 200 API request; it does not prove a complete outer turn, meaningful response, social action, task completion, tokens, or cost."
122174,agent-656,656,True,0,0,0,[],0,0,0,0,0,0,"Logged successful API-request count only; multiple API requests can occur inside one model turn, and it carries no token quantity.",0,0,0,0,False,,planned_only,"success_evidence means at least one logged HTTP 200 API request; it does not prove a complete outer turn, meaningful response, social action, task completion, tokens, or cost."
122174,agent-661,661,True,0,0,0,[],0,0,0,0,0,0,"Logged successful API-request count only; multiple API requests can occur inside one model turn, and it carries no token quantity.",0,0,0,0,False,,planned_only,"success_evidence means at least one logged HTTP 200 API request; it does not prove a complete outer turn, meaningful response, social action, task completion, tokens, or cost."
122174,agent-666,666,True,0,0,0,[],0,0,0,0,0,0,"Logged successful API-request count only; multiple API requests can occur inside one model turn, and it carries no token quantity.",0,0,0,0,False,,planned_only,"success_evidence means at least one logged HTTP 200 API request; it does not prove a complete outer turn, meaningful response, social action, task completion, tokens, or cost."
122174,agent-671,671,True,0,0,0,[],0,0,0,0,0,0,"Logged successful API-request count only; multiple API requests can occur inside one model turn, and it carries no token quantity.",0,0,0,0,False,,planned_only,"success_evidence means at least one logged HTTP 200 API request; it does not prove a complete outer turn, meaningful response, social action, task completion, tokens, or cost."
122174,agent-676,676,True,0,0,0,[],0,0,0,0,0,0,"Logged successful API-request count only; multiple API requests can occur inside one model turn, and it carries no token quantity.",0,0,0,0,False,,planned_only,"success_evidence means at least one logged HTTP 200 API request; it does not prove a complete outer turn, meaningful response, social action, task completion, tokens, or cost."
122174,agent-681,681,True,0,0,0,[],0,0,0,0,0,0,"Logged successful API-request count only; multiple API requests can occur inside one model turn, and it carries no token quantity.",0,0,0,0,False,,planned_only,"success_evidence means at least one logged HTTP 200 API request; it does not prove a complete outer turn, meaningful response, social action, task completion, tokens, or cost."
122174,agent-686,686,True,0,0,0,[],0,0,0,0,0,0,"Logged successful API-request count only; multiple API requests can occur inside one model turn, and it carries no token quantity.",0,0,0,0,False,,planned_only,"success_evidence means at least one logged HTTP 200 API request; it does not prove a complete outer turn, meaningful response, social action, task completion, tokens, or cost."
122174,agent-691,691,True,0,0,0,[],0,0,0,0,0,0,"Logged successful API-request count only; multiple API requests can occur inside one model turn, and it carries no token quantity.",0,0,0,0,False,,planned_only,"success_evidence means at least one logged HTTP 200 API request; it does not prove a complete outer turn, meaningful response, social action, task completion, tokens, or cost."
122174,agent-696,696,True,0,0,0,[],0,0,0,0,0,0,"Logged successful API-request count only; multiple API requests can occur inside one model turn, and it carries no token quantity.",0,0,0,0,False,,planned_only,"success_evidence means at least one logged HTTP 200 API request; it does not prove a complete outer turn, meaningful response, social action, task completion, tokens, or cost."
122174,agent-701,701,True,0,0,0,[],0,0,0,0,0,0,"Logged successful API-request count only; multiple API requests can occur inside one model turn, and it carries no token quantity.",0,0,0,0,False,,planned_only,"success_evidence means at least one logged HTTP 200 API request; it does not prove a complete outer turn, meaningful response, social action, task completion, tokens, or cost."
122174,agent-706,706,True,0,0,0,[],0,0,0,0,0,0,"Logged successful API-request count only; multiple API requests can occur inside one model turn, and it carries no token quantity.",0,0,0,0,False,,planned_only,"success_evidence means at least one logged HTTP 200 API request; it does not prove a complete outer turn, meaningful response, social action, task completion, tokens, or cost."
122174,agent-711,711,True,0,0,0,[],0,0,0,0,0,0,"Logged successful API-request count only; multiple API requests can occur inside one model turn, and it carries no token quantity.",0,0,0,0,False,,planned_only,"success_evidence means at least one logged HTTP 200 API request; it does not prove a complete outer turn, meaningful response, social action, task completion, tokens, or cost."
122174,agent-716,716,True,0,0,0,[],0,0,0,0,0,0,"Logged successful API-request count only; multiple API requests can occur inside one model turn, and it carries no token quantity.",0,0,0,0,False,,planned_only,"success_evidence means at least one logged HTTP 200 API request; it does not prove a complete outer turn, meaningful response, social action, task completion, tokens, or cost."
122174,agent-721,721,True,0,0,0,[],0,0,0,0,0,0,"Logged successful API-request count only; multiple API requests can occur inside one model turn, and it carries no token quantity.",0,0,0,0,False,,planned_only,"success_evidence means at least one logged HTTP 200 API request; it does not prove a complete outer turn, meaningful response, social action, task completion, tokens, or cost."
122174,agent-726,726,True,0,0,0,[],0,0,0,0,0,0,"Logged successful API-request count only; multiple API requests can occur inside one model turn, and it carries no token quantity.",0,0,0,0,False,,planned_only,"success_evidence means at least one logged HTTP 200 API request; it does not prove a complete outer turn, meaningful response, social action, task completion, tokens, or cost."
122174,agent-731,731,True,0,0,0,[],0,0,0,0,0,0,"Logged successful API-request count only; multiple API requests can occur inside one model turn, and it carries no token quantity.",0,0,0,0,False,,planned_only,"success_evidence means at least one logged HTTP 200 API request; it does not prove a complete outer turn, meaningful response, social action, task completion, tokens, or cost."
122174,agent-736,736,True,0,0,0,[],0,0,0,0,0,0,"Logged successful API-request count only; multiple API requests can occur inside one model turn, and it carries no token quantity.",0,0,0,0,False,,planned_only,"success_evidence means at least one logged HTTP 200 API request; it does not prove a complete outer turn, meaningful response, social action, task completion, tokens, or cost."
122174,agent-741,741,True,0,0,0,[],0,0,0,0,0,0,"Logged successful API-request count only; multiple API requests can occur inside one model turn, and it carries no token quantity.",0,0,0,0,False,,planned_only,"success_evidence means at least one logged HTTP 200 API request; it does not prove a complete outer turn, meaningful response, social action, task completion, tokens, or cost."
122174,agent-746,746,True,0,0,0,[],0,0,0,0,0,0,"Logged successful API-request count only; multiple API requests can occur inside one model turn, and it carries no token quantity.",0,0,0,0,False,,planned_only,"success_evidence means at least one logged HTTP 200 API request; it does not prove a complete outer turn, meaningful response, social action, task completion, tokens, or cost."
122174,agent-751,751,True,0,0,0,[],0,0,0,0,0,0,"Logged successful API-request count only; multiple API requests can occur inside one model turn, and it carries no token quantity.",0,0,0,0,False,,planned_only,"success_evidence means at least one logged HTTP 200 API request; it does not prove a complete outer turn, meaningful response, social action, task completion, tokens, or cost."
122174,agent-756,756,True,0,0,0,[],0,0,0,0,0,0,"Logged successful API-request count only; multiple API requests can occur inside one model turn, and it carries no token quantity.",0,0,0,0,False,,planned_only,"success_evidence means at least one logged HTTP 200 API request; it does not prove a complete outer turn, meaningful response, social action, task completion, tokens, or cost."
122174,agent-761,761,True,0,0,0,[],0,0,0,0,0,0,"Logged successful API-request count only; multiple API requests can occur inside one model turn, and it carries no token quantity.",0,0,0,0,False,,planned_only,"success_evidence means at least one logged HTTP 200 API request; it does not prove a complete outer turn, meaningful response, social action, task completion, tokens, or cost."
122174,agent-766,766,True,0,0,0,[],0,0,0,0,0,0,"Logged successful API-request count only; multiple API requests can occur inside one model turn, and it carries no token quantity.",0,0,0,0,False,,planned_only,"success_evidence means at least one logged HTTP 200 API request; it does not prove a complete outer turn, meaningful response, social action, task completion, tokens, or cost."
122174,agent-771,771,True,0,0,0,[],0,0,0,0,0,0,"Logged successful API-request count only; multiple API requests can occur inside one model turn, and it carries no token quantity.",0,0,0,0,False,,planned_only,"success_evidence means at least one logged HTTP 200 API request; it does not prove a complete outer turn, meaningful response, social action, task completion, tokens, or cost."
122174,agent-776,776,True,0,0,0,[],0,0,0,0,0,0,"Logged successful API-request count only; multiple API requests can occur inside one model turn, and it carries no token quantity.",0,0,0,0,False,,planned_only,"success_evidence means at least one logged HTTP 200 API request; it does not prove a complete outer turn, meaningful response, social action, task completion, tokens, or cost."
122174,agent-781,781,True,0,0,0,[],0,0,0,0,0,0,"Logged successful API-request count only; multiple API requests can occur inside one model turn, and it carries no token quantity.",0,0,0,0,False,,planned_only,"success_evidence means at least one logged HTTP 200 API request; it does not prove a complete outer turn, meaningful response, social action, task completion, tokens, or cost."
122174,agent-786,786,True,0,0,0,[],0,0,0,0,0,0,"Logged successful API-request count only; multiple API requests can occur inside one model turn, and it carries no token quantity.",0,0,0,0,False,,planned_only,"success_evidence means at least one logged HTTP 200 API request; it does not prove a complete outer turn, meaningful response, social action, task completion, tokens, or cost."
122174,agent-791,791,True,0,0,0,[],0,0,0,0,0,0,"Logged successful API-request count only; multiple API requests can occur inside one model turn, and it carries no token quantity.",0,0,0,0,False,,planned_only,"success_evidence means at least one logged HTTP 200 API request; it does not prove a complete outer turn, meaningful response, social action, task completion, tokens, or cost."
122174,agent-796,796,True,0,0,0,[],0,0,0,0,0,0,"Logged successful API-request count only; multiple API requests can occur inside one model turn, and it carries no token quantity.",0,0,0,0,False,,planned_only,"success_evidence means at least one logged HTTP 200 API request; it does not prove a complete outer turn, meaningful response, social action, task completion, tokens, or cost."
122174,agent-801,801,True,0,0,0,[],0,0,0,0,0,0,"Logged successful API-request count only; multiple API requests can occur inside one model turn, and it carries no token quantity.",0,0,0,0,False,,planned_only,"success_evidence means at least one logged HTTP 200 API request; it does not prove a complete outer turn, meaningful response, social action, task completion, tokens, or cost."
122174,agent-806,806,True,0,0,0,[],0,0,0,0,0,0,"Logged successful API-request count only; multiple API requests can occur inside one model turn, and it carries no token quantity.",0,0,0,0,False,,planned_only,"success_evidence means at least one logged HTTP 200 API request; it does not prove a complete outer turn, meaningful response, social action, task completion, tokens, or cost."
122174,agent-811,811,True,0,0,0,[],0,0,0,0,0,0,"Logged successful API-request count only; multiple API requests can occur inside one model turn, and it carries no token quantity.",0,0,0,0,False,,planned_only,"success_evidence means at least one logged HTTP 200 API request; it does not prove a complete outer turn, meaningful response, social action, task completion, tokens, or cost."
122174,agent-816,816,True,0,0,0,[],0,0,0,0,0,0,"Logged successful API-request count only; multiple API requests can occur inside one model turn, and it carries no token quantity.",0,0,0,0,False,,planned_only,"success_evidence means at least one logged HTTP 200 API request; it does not prove a complete outer turn, meaningful response, social action, task completion, tokens, or cost."
122174,agent-821,821,True,0,0,0,[],0,0,0,0,0,0,"Logged successful API-request count only; multiple API requests can occur inside one model turn, and it carries no token quantity.",0,0,0,0,False,,planned_only,"success_evidence means at least one logged HTTP 200 API request; it does not prove a complete outer turn, meaningful response, social action, task completion, tokens, or cost."
122174,agent-826,826,True,0,0,0,[],0,0,0,0,0,0,"Logged successful API-request count only; multiple API requests can occur inside one model turn, and it carries no token quantity.",0,0,0,0,False,,planned_only,"success_evidence means at least one logged HTTP 200 API request; it does not prove a complete outer turn, meaningful response, social action, task completion, tokens, or cost."
122174,agent-831,831,True,0,0,0,[],0,0,0,0,0,0,"Logged successful API-request count only; multiple API requests can occur inside one model turn, and it carries no token quantity.",0,0,0,0,False,,planned_only,"success_evidence means at least one logged HTTP 200 API request; it does not prove a complete outer turn, meaningful response, social action, task completion, tokens, or cost."
122174,agent-836,836,True,0,0,0,[],0,0,0,0,0,0,"Logged successful API-request count only; multiple API requests can occur inside one model turn, and it carries no token quantity.",0,0,0,0,False,,planned_only,"success_evidence means at least one logged HTTP 200 API request; it does not prove a complete outer turn, meaningful response, social action, task completion, tokens, or cost."
122174,agent-841,841,True,0,0,0,[],0,0,0,0,0,0,"Logged successful API-request count only; multiple API requests can occur inside one model turn, and it carries no token quantity.",0,0,0,0,False,,planned_only,"success_evidence means at least one logged HTTP 200 API request; it does not prove a complete outer turn, meaningful response, social action, task completion, tokens, or cost."
122174,agent-846,846,True,0,0,0,[],0,0,0,0,0,0,"Logged successful API-request count only; multiple API requests can occur inside one model turn, and it carries no token quantity.",0,0,0,0,False,,planned_only,"success_evidence means at least one logged HTTP 200 API request; it does not prove a complete outer turn, meaningful response, social action, task completion, tokens, or cost."
122174,agent-851,851,True,0,0,0,[],0,0,0,0,0,0,"Logged successful API-request count only; multiple API requests can occur inside one model turn, and it carries no token quantity.",0,0,0,0,False,,planned_only,"success_evidence means at least one logged HTTP 200 API request; it does not prove a complete outer turn, meaningful response, social action, task completion, tokens, or cost."
122174,agent-856,856,True,0,0,0,[],0,0,0,0,0,0,"Logged successful API-request count only; multiple API requests can occur inside one model turn, and it carries no token quantity.",0,0,0,0,False,,planned_only,"success_evidence means at least one logged HTTP 200 API request; it does not prove a complete outer turn, meaningful response, social action, task completion, tokens, or cost."
122174,agent-861,861,True,0,0,0,[],0,0,0,0,0,0,"Logged successful API-request count only; multiple API requests can occur inside one model turn, and it carries no token quantity.",0,0,0,0,False,,planned_only,"success_evidence means at least one logged HTTP 200 API request; it does not prove a complete outer turn, meaningful response, social action, task completion, tokens, or cost."
122174,agent-866,866,True,0,0,0,[],0,0,0,0,0,0,"Logged successful API-request count only; multiple API requests can occur inside one model turn, and it carries no token quantity.",0,0,0,0,False,,planned_only,"success_evidence means at least one logged HTTP 200 API request; it does not prove a complete outer turn, meaningful response, social action, task completion, tokens, or cost."
122174,agent-871,871,True,0,0,0,[],0,0,0,0,0,0,"Logged successful API-request count only; multiple API requests can occur inside one model turn, and it carries no token quantity.",0,0,0,0,False,,planned_only,"success_evidence means at least one logged HTTP 200 API request; it does not prove a complete outer turn, meaningful response, social action, task completion, tokens, or cost."
122174,agent-876,876,True,0,0,0,[],0,0,0,0,0,0,"Logged successful API-request count only; multiple API requests can occur inside one model turn, and it carries no token quantity.",0,0,0,0,False,,planned_only,"success_evidence means at least one logged HTTP 200 API request; it does not prove a complete outer turn, meaningful response, social action, task completion, tokens, or cost."
122174,agent-881,881,True,0,0,0,[],0,0,0,0,0,0,"Logged successful API-request count only; multiple API requests can occur inside one model turn, and it carries no token quantity.",0,0,0,0,False,,planned_only,"success_evidence means at least one logged HTTP 200 API request; it does not prove a complete outer turn, meaningful response, social action, task completion, tokens, or cost."
122174,agent-886,886,True,0,0,0,[],0,0,0,0,0,0,"Logged successful API-request count only; multiple API requests can occur inside one model turn, and it carries no token quantity.",0,0,0,0,False,,planned_only,"success_evidence means at least one logged HTTP 200 API request; it does not prove a complete outer turn, meaningful response, social action, task completion, tokens, or cost."
122174,agent-891,891,True,0,0,0,[],0,0,0,0,0,0,"Logged successful API-request count only; multiple API requests can occur inside one model turn, and it carries no token quantity.",0,0,0,0,False,,planned_only,"success_evidence means at least one logged HTTP 200 API request; it does not prove a complete outer turn, meaningful response, social action, task completion, tokens, or cost."
122174,agent-896,896,True,0,0,0,[],0,0,0,0,0,0,"Logged successful API-request count only; multiple API requests can occur inside one model turn, and it carries no token quantity.",0,0,0,0,False,,planned_only,"success_evidence means at least one logged HTTP 200 API request; it does not prove a complete outer turn, meaningful response, social action, task completion, tokens, or cost."
122174,agent-901,901,True,0,0,0,[],0,0,0,0,0,0,"Logged successful API-request count only; multiple API requests can occur inside one model turn, and it carries no token quantity.",0,0,0,0,False,,planned_only,"success_evidence means at least one logged HTTP 200 API request; it does not prove a complete outer turn, meaningful response, social action, task completion, tokens, or cost."
122174,agent-906,906,True,0,0,0,[],0,0,0,0,0,0,"Logged successful API-request count only; multiple API requests can occur inside one model turn, and it carries no token quantity.",0,0,0,0,False,,planned_only,"success_evidence means at least one logged HTTP 200 API request; it does not prove a complete outer turn, meaningful response, social action, task completion, tokens, or cost."
122174,agent-911,911,True,0,0,0,[],0,0,0,0,0,0,"Logged successful API-request count only; multiple API requests can occur inside one model turn, and it carries no token quantity.",0,0,0,0,False,,planned_only,"success_evidence means at least one logged HTTP 200 API request; it does not prove a complete outer turn, meaningful response, social action, task completion, tokens, or cost."
122174,agent-916,916,True,0,0,0,[],0,0,0,0,0,0,"Logged successful API-request count only; multiple API requests can occur inside one model turn, and it carries no token quantity.",0,0,0,0,False,,planned_only,"success_evidence means at least one logged HTTP 200 API request; it does not prove a complete outer turn, meaningful response, social action, task completion, tokens, or cost."
122174,agent-921,921,True,0,0,0,[],0,0,0,0,0,0,"Logged successful API-request count only; multiple API requests can occur inside one model turn, and it carries no token quantity.",0,0,0,0,False,,planned_only,"success_evidence means at least one logged HTTP 200 API request; it does not prove a complete outer turn, meaningful response, social action, task completion, tokens, or cost."
122174,agent-926,926,True,0,0,0,[],0,0,0,0,0,0,"Logged successful API-request count only; multiple API requests can occur inside one model turn, and it carries no token quantity.",0,0,0,0,False,,planned_only,"success_evidence means at least one logged HTTP 200 API request; it does not prove a complete outer turn, meaningful response, social action, task completion, tokens, or cost."
122174,agent-931,931,True,0,0,0,[],0,0,0,0,0,0,"Logged successful API-request count only; multiple API requests can occur inside one model turn, and it carries no token quantity.",0,0,0,0,False,,planned_only,"success_evidence means at least one logged HTTP 200 API request; it does not prove a complete outer turn, meaningful response, social action, task completion, tokens, or cost."
122174,agent-936,936,True,0,0,0,[],0,0,0,0,0,0,"Logged successful API-request count only; multiple API requests can occur inside one model turn, and it carries no token quantity.",0,0,0,0,False,,planned_only,"success_evidence means at least one logged HTTP 200 API request; it does not prove a complete outer turn, meaningful response, social action, task completion, tokens, or cost."
122174,agent-941,941,True,0,0,0,[],0,0,0,0,0,0,"Logged successful API-request count only; multiple API requests can occur inside one model turn, and it carries no token quantity.",0,0,0,0,False,,planned_only,"success_evidence means at least one logged HTTP 200 API request; it does not prove a complete outer turn, meaningful response, social action, task completion, tokens, or cost."
122174,agent-946,946,True,0,0,0,[],0,0,0,0,0,0,"Logged successful API-request count only; multiple API requests can occur inside one model turn, and it carries no token quantity.",0,0,0,0,False,,planned_only,"success_evidence means at least one logged HTTP 200 API request; it does not prove a complete outer turn, meaningful response, social action, task completion, tokens, or cost."
122174,agent-951,951,True,0,0,0,[],0,0,0,0,0,0,"Logged successful API-request count only; multiple API requests can occur inside one model turn, and it carries no token quantity.",0,0,0,0,False,,planned_only,"success_evidence means at least one logged HTTP 200 API request; it does not prove a complete outer turn, meaningful response, social action, task completion, tokens, or cost."
122174,agent-956,956,True,0,0,0,[],0,0,0,0,0,0,"Logged successful API-request count only; multiple API requests can occur inside one model turn, and it carries no token quantity.",0,0,0,0,False,,planned_only,"success_evidence means at least one logged HTTP 200 API request; it does not prove a complete outer turn, meaningful response, social action, task completion, tokens, or cost."
122174,agent-961,961,True,0,0,0,[],0,0,0,0,0,0,"Logged successful API-request count only; multiple API requests can occur inside one model turn, and it carries no token quantity.",0,0,0,0,False,,planned_only,"success_evidence means at least one logged HTTP 200 API request; it does not prove a complete outer turn, meaningful response, social action, task completion, tokens, or cost."
122174,agent-966,966,True,0,0,0,[],0,0,0,0,0,0,"Logged successful API-request count only; multiple API requests can occur inside one model turn, and it carries no token quantity.",0,0,0,0,False,,planned_only,"success_evidence means at least one logged HTTP 200 API request; it does not prove a complete outer turn, meaningful response, social action, task completion, tokens, or cost."
122174,agent-971,971,True,0,0,0,[],0,0,0,0,0,0,"Logged successful API-request count only; multiple API requests can occur inside one model turn, and it carries no token quantity.",0,0,0,0,False,,planned_only,"success_evidence means at least one logged HTTP 200 API request; it does not prove a complete outer turn, meaningful response, social action, task completion, tokens, or cost."
122174,agent-976,976,True,0,0,0,[],0,0,0,0,0,0,"Logged successful API-request count only; multiple API requests can occur inside one model turn, and it carries no token quantity.",0,0,0,0,False,,planned_only,"success_evidence means at least one logged HTTP 200 API request; it does not prove a complete outer turn, meaningful response, social action, task completion, tokens, or cost."
122174,agent-981,981,True,0,0,0,[],0,0,0,0,0,0,"Logged successful API-request count only; multiple API requests can occur inside one model turn, and it carries no token quantity.",0,0,0,0,False,,planned_only,"success_evidence means at least one logged HTTP 200 API request; it does not prove a complete outer turn, meaningful response, social action, task completion, tokens, or cost."
122174,agent-986,986,True,0,0,0,[],0,0,0,0,0,0,"Logged successful API-request count only; multiple API requests can occur inside one model turn, and it carries no token quantity.",0,0,0,0,False,,planned_only,"success_evidence means at least one logged HTTP 200 API request; it does not prove a complete outer turn, meaningful response, social action, task completion, tokens, or cost."
122174,agent-991,991,True,0,0,0,[],0,0,0,0,0,0,"Logged successful API-request count only; multiple API requests can occur inside one model turn, and it carries no token quantity.",0,0,0,0,False,,planned_only,"success_evidence means at least one logged HTTP 200 API request; it does not prove a complete outer turn, meaningful response, social action, task completion, tokens, or cost."
122174,agent-996,996,True,0,0,0,[],0,0,0,0,0,0,"Logged successful API-request count only; multiple API requests can occur inside one model turn, and it carries no token quantity.",0,0,0,0,False,,planned_only,"success_evidence means at least one logged HTTP 200 API request; it does not prove a complete outer turn, meaningful response, social action, task completion, tokens, or cost."
122175,agent-38,38,False,0,3,1,"[""swarm/vitals/agent-038.log""]",4068,1,916,1032,1442,739,"Logged successful API-request count only; multiple API requests can occur inside one model turn, and it carries no token quantity.",468,452,443,3,True,logged_http_200_api_request,success_evidence,"success_evidence means at least one logged HTTP 200 API request; it does not prove a complete outer turn, meaningful response, social action, task completion, tokens, or cost."
122175,agent-43,43,False,0,3,1,"[""swarm/vitals/agent-043.log""]",6233,1,6030,0,0,0,"Logged successful API-request count only; multiple API requests can occur inside one model turn, and it carries no token quantity.",0,201,0,1,False,,log_or_start_footprint_only,"success_evidence means at least one logged HTTP 200 API request; it does not prove a complete outer turn, meaningful response, social action, task completion, tokens, or cost."
122175,agent-48,48,False,0,3,1,"[""swarm/vitals/agent-048.log""]",2335,1,248,823,865,524,"Logged successful API-request count only; multiple API requests can occur inside one model turn, and it carries no token quantity.",261,362,362,2,True,logged_http_200_api_request,success_evidence,"success_evidence means at least one logged HTTP 200 API request; it does not prove a complete outer turn, meaningful response, social action, task completion, tokens, or cost."
122175,agent-53,53,False,0,3,1,"[""swarm/vitals/agent-053.log""]",6233,1,6030,0,0,0,"Logged successful API-request count only; multiple API requests can occur inside one model turn, and it carries no token quantity.",0,201,0,1,False,,log_or_start_footprint_only,"success_evidence means at least one logged HTTP 200 API request; it does not prove a complete outer turn, meaningful response, social action, task completion, tokens, or cost."
122175,agent-58,58,False,0,3,1,"[""swarm/vitals/agent-058.log""]",2893,1,15,0,928,928,"Logged successful API-request count only; multiple API requests can occur inside one model turn, and it carries no token quantity.",752,201,193,1,True,logged_http_200_api_request,success_evidence,"success_evidence means at least one logged HTTP 200 API request; it does not prove a complete outer turn, meaningful response, social action, task completion, tokens, or cost."
122175,agent-63,63,False,0,3,1,"[""swarm/vitals/agent-063.log""]",7242,1,3228,51,3398,144,"Logged successful API-request count only; multiple API requests can occur inside one model turn, and it carries no token quantity.",171,115,0,0,True,logged_http_200_api_request,success_evidence,"success_evidence means at least one logged HTTP 200 API request; it does not prove a complete outer turn, meaningful response, social action, task completion, tokens, or cost."
122175,agent-68,68,False,0,3,1,"[""swarm/vitals/agent-068.log""]",1353,1,27,28,447,425,"Logged successful API-request count only; multiple API requests can occur inside one model turn, and it carries no token quantity.",388,53,49,0,True,logged_http_200_api_request,success_evidence,"success_evidence means at least one logged HTTP 200 API request; it does not prove a complete outer turn, meaningful response, social action, task completion, tokens, or cost."
122175,agent-73,73,False,0,3,1,"[""swarm/vitals/agent-073.log""]",776,1,1,302,303,152,"Logged successful API-request count only; multiple API requests can occur inside one model turn, and it carries no token quantity.",87,113,113,0,True,logged_http_200_api_request,success_evidence,"success_evidence means at least one logged HTTP 200 API request; it does not prove a complete outer turn, meaningful response, social action, task completion, tokens, or cost."
122175,agent-102,102,False,0,1,1,"[""swarm/vitals/agent-0102.log""]",1944,1,309,912,660,356,"Logged successful API-request count only; multiple API requests can occur inside one model turn, and it carries no token quantity.",268,201,199,1,True,logged_http_200_api_request,success_evidence,"success_evidence means at least one logged HTTP 200 API request; it does not prove a complete outer turn, meaningful response, social action, task completion, tokens, or cost."
122175,agent-107,107,False,0,1,1,"[""swarm/vitals/agent-0107.log""]",6233,1,6030,0,0,0,"Logged successful API-request count only; multiple API requests can occur inside one model turn, and it carries no token quantity.",0,201,0,1,False,,log_or_start_footprint_only,"success_evidence means at least one logged HTTP 200 API request; it does not prove a complete outer turn, meaningful response, social action, task completion, tokens, or cost."
122175,agent-112,112,False,0,1,1,"[""swarm/vitals/agent-0112.log""]",1322,1,261,768,494,237,"Logged successful API-request count only; multiple API requests can occur inside one model turn, and it carries no token quantity.",61,201,200,1,True,logged_http_200_api_request,success_evidence,"success_evidence means at least one logged HTTP 200 API request; it does not prove a complete outer turn, meaningful response, social action, task completion, tokens, or cost."
122175,agent-117,117,False,0,1,1,"[""swarm/vitals/agent-0117.log""]",6233,1,6030,0,0,0,"Logged successful API-request count only; multiple API requests can occur inside one model turn, and it carries no token quantity.",0,201,0,1,False,,log_or_start_footprint_only,"success_evidence means at least one logged HTTP 200 API request; it does not prove a complete outer turn, meaningful response, social action, task completion, tokens, or cost."
122175,agent-122,122,False,0,1,1,"[""swarm/vitals/agent-0122.log""]",12867,1,3551,0,4187,658,"Logged successful API-request count only; multiple API requests can occur inside one model turn, and it carries no token quantity.",665,186,62,0,True,logged_http_200_api_request,success_evidence,"success_evidence means at least one logged HTTP 200 API request; it does not prove a complete outer turn, meaningful response, social action, task completion, tokens, or cost."
122175,agent-127,127,False,0,1,1,"[""swarm/vitals/agent-0127.log""]",11808,2,5500,12,5629,129,"Logged successful API-request count only; multiple API requests can occur inside one model turn, and it carries no token quantity.",126,201,15,1,True,logged_http_200_api_request,success_evidence,"success_evidence means at least one logged HTTP 200 API request; it does not prove a complete outer turn, meaningful response, social action, task completion, tokens, or cost."
122175,agent-132,132,False,0,1,1,"[""swarm/vitals/agent-0132.log""]",1900,1,10,0,657,657,"Logged successful API-request count only; multiple API requests can occur inside one model turn, and it carries no token quantity.",511,201,198,1,True,logged_http_200_api_request,success_evidence,"success_evidence means at least one logged HTTP 200 API request; it does not prove a complete outer turn, meaningful response, social action, task completion, tokens, or cost."
122175,agent-137,137,False,0,1,1,"[""swarm/vitals/agent-0137.log""]",2292,1,373,963,797,454,"Logged successful API-request count only; multiple API requests can occur inside one model turn, and it carries no token quantity.",329,201,198,1,True,logged_http_200_api_request,success_evidence,"success_evidence means at least one logged HTTP 200 API request; it does not prove a complete outer turn, meaningful response, social action, task completion, tokens, or cost."
122175,agent-142,142,False,0,1,1,"[""swarm/vitals/agent-0142.log""]",1722,1,14,0,562,562,"Logged successful API-request count only; multiple API requests can occur inside one model turn, and it carries no token quantity.",400,201,198,1,True,logged_http_200_api_request,success_evidence,"success_evidence means at least one logged HTTP 200 API request; it does not prove a complete outer turn, meaningful response, social action, task completion, tokens, or cost."
122175,agent-147,147,False,0,1,1,"[""swarm/vitals/agent-0147.log""]",1449,1,11,154,490,411,"Logged successful API-request count only; multiple API requests can occur inside one model turn, and it carries no token quantity.",321,201,199,1,True,logged_http_200_api_request,success_evidence,"success_evidence means at least one logged HTTP 200 API request; it does not prove a complete outer turn, meaningful response, social action, task completion, tokens, or cost."
122175,agent-152,152,False,0,1,1,"[""swarm/vitals/agent-0152.log""]",6233,1,6030,0,0,0,"Logged successful API-request count only; multiple API requests can occur inside one model turn, and it carries no token quantity.",0,201,0,1,False,,log_or_start_footprint_only,"success_evidence means at least one logged HTTP 200 API request; it does not prove a complete outer turn, meaningful response, social action, task completion, tokens, or cost."
122175,agent-157,157,False,0,1,1,"[""swarm/vitals/agent-0157.log""]",1160,1,19,88,431,381,"Logged successful API-request count only; multiple API requests can occur inside one model turn, and it carries no token quantity.",260,201,196,1,True,logged_http_200_api_request,success_evidence,"success_evidence means at least one logged HTTP 200 API request; it does not prove a complete outer turn, meaningful response, social action, task completion, tokens, or cost."
122175,agent-162,162,False,0,1,1,"[""swarm/vitals/agent-0162.log""]",5885,1,5695,0,0,0,"Logged successful API-request count only; multiple API requests can occur inside one model turn, and it carries no token quantity.",0,189,0,0,False,,log_or_start_footprint_only,"success_evidence means at least one logged HTTP 200 API request; it does not prove a complete outer turn, meaningful response, social action, task completion, tokens, or cost."
122175,agent-167,167,False,0,1,1,"[""swarm/vitals/agent-0167.log""]",1578,1,5,0,584,583,"Logged successful API-request count only; multiple API requests can occur inside one model turn, and it carries no token quantity.",398,201,197,1,True,logged_http_200_api_request,success_evidence,"success_evidence means at least one logged HTTP 200 API request; it does not prove a complete outer turn, meaningful response, social action, task completion, tokens, or cost."
122175,agent-172,172,False,0,1,1,"[""swarm/vitals/agent-0172.log""]",7924,2,3623,63,3757,85,"Logged successful API-request count only; multiple API requests can occur inside one model turn, and it carries no token quantity.",107,125,1,0,True,logged_http_200_api_request,success_evidence,"success_evidence means at least one logged HTTP 200 API request; it does not prove a complete outer turn, meaningful response, social action, task completion, tokens, or cost."
122175,agent-177,177,False,0,1,1,"[""swarm/vitals/agent-0177.log""]",1953,1,11,0,653,653,"Logged successful API-request count only; multiple API requests can occur inside one model turn, and it carries no token quantity.",467,201,192,1,True,logged_http_200_api_request,success_evidence,"success_evidence means at least one logged HTTP 200 API request; it does not prove a complete outer turn, meaningful response, social action, task completion, tokens, or cost."
122175,agent-182,182,False,0,1,1,"[""swarm/vitals/agent-0182.log""]",1344,1,35,346,523,337,"Logged successful API-request count only; multiple API requests can occur inside one model turn, and it carries no token quantity.",250,201,200,1,True,logged_http_200_api_request,success_evidence,"success_evidence means at least one logged HTTP 200 API request; it does not prove a complete outer turn, meaningful response, social action, task completion, tokens, or cost."
122175,agent-187,187,False,0,1,1,"[""swarm/vitals/agent-0187.log""]",1072,1,13,16,369,359,"Logged successful API-request count only; multiple API requests can occur inside one model turn, and it carries no token quantity.",331,45,43,0,True,logged_http_200_api_request,success_evidence,"success_evidence means at least one logged HTTP 200 API request; it does not prove a complete outer turn, meaningful response, social action, task completion, tokens, or cost."
122175,agent-192,192,False,0,1,1,"[""swarm/vitals/agent-0192.log""]",1107,1,11,318,442,280,"Logged successful API-request count only; multiple API requests can occur inside one model turn, and it carries no token quantity.",131,201,201,1,True,logged_http_200_api_request,success_evidence,"success_evidence means at least one logged HTTP 200 API request; it does not prove a complete outer turn, meaningful response, social action, task completion, tokens, or cost."
122175,agent-197,197,False,0,1,1,"[""swarm/vitals/agent-0197.log""]",1323,1,1280,0,0,0,"Logged successful API-request count only; multiple API requests can occur inside one model turn, and it carries no token quantity.",0,42,0,0,False,,log_or_start_footprint_only,"success_evidence means at least one logged HTTP 200 API request; it does not prove a complete outer turn, meaningful response, social action, task completion, tokens, or cost."
122175,agent-202,202,False,0,1,1,"[""swarm/vitals/agent-0202.log""]",295,1,6,88,95,51,"Logged successful API-request count only; multiple API requests can occur inside one model turn, and it carries no token quantity.",92,5,3,0,True,logged_http_200_api_request,success_evidence,"success_evidence means at least one logged HTTP 200 API request; it does not prove a complete outer turn, meaningful response, social action, task completion, tokens, or cost."
122175,agent-207,207,False,0,1,1,"[""swarm/vitals/agent-0207.log""]",564,1,545,0,0,0,"Logged successful API-request count only; multiple API requests can occur inside one model turn, and it carries no token quantity.",0,18,0,0,False,,log_or_start_footprint_only,"success_evidence means at least one logged HTTP 200 API request; it does not prove a complete outer turn, meaningful response, social action, task completion, tokens, or cost."
122175,agent-212,212,False,0,1,1,"[""swarm/vitals/agent-0212.log""]",277,1,6,6,84,80,"Logged successful API-request count only; multiple API requests can occur inside one model turn, and it carries no token quantity.",88,2,0,0,True,logged_http_200_api_request,success_evidence,"success_evidence means at least one logged HTTP 200 API request; it does not prove a complete outer turn, meaningful response, social action, task completion, tokens, or cost."
122447,agent-39,39,False,1,0,1,"[""swarm/vitals/agent-039.log""]",6,0,1,0,0,0,"Logged successful API-request count only; multiple API requests can occur inside one model turn, and it carries no token quantity.",0,0,0,0,False,,log_or_start_footprint_only,"success_evidence means at least one logged HTTP 200 API request; it does not prove a complete outer turn, meaningful response, social action, task completion, tokens, or cost."
122447,agent-44,44,False,1,0,1,"[""swarm/vitals/agent-044.log""]",6,0,1,0,0,0,"Logged successful API-request count only; multiple API requests can occur inside one model turn, and it carries no token quantity.",0,0,0,0,False,,log_or_start_footprint_only,"success_evidence means at least one logged HTTP 200 API request; it does not prove a complete outer turn, meaningful response, social action, task completion, tokens, or cost."
122447,agent-49,49,False,1,0,1,"[""swarm/vitals/agent-049.log""]",6,0,1,0,0,0,"Logged successful API-request count only; multiple API requests can occur inside one model turn, and it carries no token quantity.",0,0,0,0,False,,log_or_start_footprint_only,"success_evidence means at least one logged HTTP 200 API request; it does not prove a complete outer turn, meaningful response, social action, task completion, tokens, or cost."
122447,agent-54,54,False,1,0,1,"[""swarm/vitals/agent-054.log""]",6,0,1,0,0,0,"Logged successful API-request count only; multiple API requests can occur inside one model turn, and it carries no token quantity.",0,0,0,0,False,,log_or_start_footprint_only,"success_evidence means at least one logged HTTP 200 API request; it does not prove a complete outer turn, meaningful response, social action, task completion, tokens, or cost."
122447,agent-59,59,False,1,0,1,"[""swarm/vitals/agent-059.log""]",6,0,1,0,0,0,"Logged successful API-request count only; multiple API requests can occur inside one model turn, and it carries no token quantity.",0,0,0,0,False,,log_or_start_footprint_only,"success_evidence means at least one logged HTTP 200 API request; it does not prove a complete outer turn, meaningful response, social action, task completion, tokens, or cost."
122447,agent-64,64,False,1,0,1,"[""swarm/vitals/agent-064.log""]",6,0,1,0,0,0,"Logged successful API-request count only; multiple API requests can occur inside one model turn, and it carries no token quantity.",0,0,0,0,False,,log_or_start_footprint_only,"success_evidence means at least one logged HTTP 200 API request; it does not prove a complete outer turn, meaningful response, social action, task completion, tokens, or cost."
122447,agent-69,69,False,1,0,1,"[""swarm/vitals/agent-069.log""]",6,0,1,0,0,0,"Logged successful API-request count only; multiple API requests can occur inside one model turn, and it carries no token quantity.",0,0,0,0,False,,log_or_start_footprint_only,"success_evidence means at least one logged HTTP 200 API request; it does not prove a complete outer turn, meaningful response, social action, task completion, tokens, or cost."
122447,agent-74,74,False,1,0,1,"[""swarm/vitals/agent-074.log""]",6,0,1,0,0,0,"Logged successful API-request count only; multiple API requests can occur inside one model turn, and it carries no token quantity.",0,0,0,0,False,,log_or_start_footprint_only,"success_evidence means at least one logged HTTP 200 API request; it does not prove a complete outer turn, meaningful response, social action, task completion, tokens, or cost."
122447,agent-79,79,False,1,0,1,"[""swarm/vitals/agent-079.log""]",6,0,1,0,0,0,"Logged successful API-request count only; multiple API requests can occur inside one model turn, and it carries no token quantity.",0,0,0,0,False,,log_or_start_footprint_only,"success_evidence means at least one logged HTTP 200 API request; it does not prove a complete outer turn, meaningful response, social action, task completion, tokens, or cost."
122447,agent-84,84,False,1,0,1,"[""swarm/vitals/agent-084.log""]",6,0,1,0,0,0,"Logged successful API-request count only; multiple API requests can occur inside one model turn, and it carries no token quantity.",0,0,0,0,False,,log_or_start_footprint_only,"success_evidence means at least one logged HTTP 200 API request; it does not prove a complete outer turn, meaningful response, social action, task completion, tokens, or cost."
122447,agent-89,89,False,1,0,1,"[""swarm/vitals/agent-089.log""]",6,0,1,0,0,0,"Logged successful API-request count only; multiple API requests can occur inside one model turn, and it carries no token quantity.",0,0,0,0,False,,log_or_start_footprint_only,"success_evidence means at least one logged HTTP 200 API request; it does not prove a complete outer turn, meaningful response, social action, task completion, tokens, or cost."
122447,agent-94,94,False,1,0,1,"[""swarm/vitals/agent-094.log""]",6,0,1,0,0,0,"Logged successful API-request count only; multiple API requests can occur inside one model turn, and it carries no token quantity.",0,0,0,0,False,,log_or_start_footprint_only,"success_evidence means at least one logged HTTP 200 API request; it does not prove a complete outer turn, meaningful response, social action, task completion, tokens, or cost."
122447,agent-99,99,False,1,0,1,"[""swarm/vitals/agent-099.log""]",6,0,1,0,0,0,"Logged successful API-request count only; multiple API requests can occur inside one model turn, and it carries no token quantity.",0,0,0,0,False,,log_or_start_footprint_only,"success_evidence means at least one logged HTTP 200 API request; it does not prove a complete outer turn, meaningful response, social action, task completion, tokens, or cost."
122447,agent-103,103,False,1,0,1,"[""swarm/vitals/agent-0103.log""]",6,0,1,0,0,0,"Logged successful API-request count only; multiple API requests can occur inside one model turn, and it carries no token quantity.",0,0,0,0,False,,log_or_start_footprint_only,"success_evidence means at least one logged HTTP 200 API request; it does not prove a complete outer turn, meaningful response, social action, task completion, tokens, or cost."
122447,agent-108,108,False,1,0,1,"[""swarm/vitals/agent-0108.log""]",6,0,1,0,0,0,"Logged successful API-request count only; multiple API requests can occur inside one model turn, and it carries no token quantity.",0,0,0,0,False,,log_or_start_footprint_only,"success_evidence means at least one logged HTTP 200 API request; it does not prove a complete outer turn, meaningful response, social action, task completion, tokens, or cost."
122447,agent-113,113,False,1,0,1,"[""swarm/vitals/agent-0113.log""]",6,0,1,0,0,0,"Logged successful API-request count only; multiple API requests can occur inside one model turn, and it carries no token quantity.",0,0,0,0,False,,log_or_start_footprint_only,"success_evidence means at least one logged HTTP 200 API request; it does not prove a complete outer turn, meaningful response, social action, task completion, tokens, or cost."
122447,agent-118,118,False,1,0,1,"[""swarm/vitals/agent-0118.log""]",6,0,1,0,0,0,"Logged successful API-request count only; multiple API requests can occur inside one model turn, and it carries no token quantity.",0,0,0,0,False,,log_or_start_footprint_only,"success_evidence means at least one logged HTTP 200 API request; it does not prove a complete outer turn, meaningful response, social action, task completion, tokens, or cost."
122447,agent-123,123,False,1,0,1,"[""swarm/vitals/agent-0123.log""]",6,0,1,0,0,0,"Logged successful API-request count only; multiple API requests can occur inside one model turn, and it carries no token quantity.",0,0,0,0,False,,log_or_start_footprint_only,"success_evidence means at least one logged HTTP 200 API request; it does not prove a complete outer turn, meaningful response, social action, task completion, tokens, or cost."
122447,agent-128,128,False,1,0,1,"[""swarm/vitals/agent-0128.log""]",6,0,1,0,0,0,"Logged successful API-request count only; multiple API requests can occur inside one model turn, and it carries no token quantity.",0,0,0,0,False,,log_or_start_footprint_only,"success_evidence means at least one logged HTTP 200 API request; it does not prove a complete outer turn, meaningful response, social action, task completion, tokens, or cost."
122447,agent-133,133,False,1,0,1,"[""swarm/vitals/agent-0133.log""]",6,0,1,0,0,0,"Logged successful API-request count only; multiple API requests can occur inside one model turn, and it carries no token quantity.",0,0,0,0,False,,log_or_start_footprint_only,"success_evidence means at least one logged HTTP 200 API request; it does not prove a complete outer turn, meaningful response, social action, task completion, tokens, or cost."
122447,agent-138,138,False,1,0,1,"[""swarm/vitals/agent-0138.log""]",6,0,1,0,0,0,"Logged successful API-request count only; multiple API requests can occur inside one model turn, and it carries no token quantity.",0,0,0,0,False,,log_or_start_footprint_only,"success_evidence means at least one logged HTTP 200 API request; it does not prove a complete outer turn, meaningful response, social action, task completion, tokens, or cost."
122447,agent-143,143,False,1,0,1,"[""swarm/vitals/agent-0143.log""]",6,0,1,0,0,0,"Logged successful API-request count only; multiple API requests can occur inside one model turn, and it carries no token quantity.",0,0,0,0,False,,log_or_start_footprint_only,"success_evidence means at least one logged HTTP 200 API request; it does not prove a complete outer turn, meaningful response, social action, task completion, tokens, or cost."
122447,agent-148,148,False,1,0,1,"[""swarm/vitals/agent-0148.log""]",6,0,1,0,0,0,"Logged successful API-request count only; multiple API requests can occur inside one model turn, and it carries no token quantity.",0,0,0,0,False,,log_or_start_footprint_only,"success_evidence means at least one logged HTTP 200 API request; it does not prove a complete outer turn, meaningful response, social action, task completion, tokens, or cost."
122447,agent-153,153,False,1,0,1,"[""swarm/vitals/agent-0153.log""]",6,0,1,0,0,0,"Logged successful API-request count only; multiple API requests can occur inside one model turn, and it carries no token quantity.",0,0,0,0,False,,log_or_start_footprint_only,"success_evidence means at least one logged HTTP 200 API request; it does not prove a complete outer turn, meaningful response, social action, task completion, tokens, or cost."
122447,agent-158,158,False,1,0,1,"[""swarm/vitals/agent-0158.log""]",6,0,1,0,0,0,"Logged successful API-request count only; multiple API requests can occur inside one model turn, and it carries no token quantity.",0,0,0,0,False,,log_or_start_footprint_only,"success_evidence means at least one logged HTTP 200 API request; it does not prove a complete outer turn, meaningful response, social action, task completion, tokens, or cost."
122447,agent-163,163,False,1,0,1,"[""swarm/vitals/agent-0163.log""]",6,0,1,0,0,0,"Logged successful API-request count only; multiple API requests can occur inside one model turn, and it carries no token quantity.",0,0,0,0,False,,log_or_start_footprint_only,"success_evidence means at least one logged HTTP 200 API request; it does not prove a complete outer turn, meaningful response, social action, task completion, tokens, or cost."
122447,agent-168,168,False,1,0,1,"[""swarm/vitals/agent-0168.log""]",6,0,1,0,0,0,"Logged successful API-request count only; multiple API requests can occur inside one model turn, and it carries no token quantity.",0,0,0,0,False,,log_or_start_footprint_only,"success_evidence means at least one logged HTTP 200 API request; it does not prove a complete outer turn, meaningful response, social action, task completion, tokens, or cost."
122447,agent-173,173,False,1,0,1,"[""swarm/vitals/agent-0173.log""]",6,0,1,0,0,0,"Logged successful API-request count only; multiple API requests can occur inside one model turn, and it carries no token quantity.",0,0,0,0,False,,log_or_start_footprint_only,"success_evidence means at least one logged HTTP 200 API request; it does not prove a complete outer turn, meaningful response, social action, task completion, tokens, or cost."
122447,agent-178,178,False,1,0,1,"[""swarm/vitals/agent-0178.log""]",6,0,1,0,0,0,"Logged successful API-request count only; multiple API requests can occur inside one model turn, and it carries no token quantity.",0,0,0,0,False,,log_or_start_footprint_only,"success_evidence means at least one logged HTTP 200 API request; it does not prove a complete outer turn, meaningful response, social action, task completion, tokens, or cost."
122447,agent-183,183,False,1,0,1,"[""swarm/vitals/agent-0183.log""]",6,0,1,0,0,0,"Logged successful API-request count only; multiple API requests can occur inside one model turn, and it carries no token quantity.",0,0,0,0,False,,log_or_start_footprint_only,"success_evidence means at least one logged HTTP 200 API request; it does not prove a complete outer turn, meaningful response, social action, task completion, tokens, or cost."
122447,agent-188,188,False,1,0,1,"[""swarm/vitals/agent-0188.log""]",6,0,1,0,0,0,"Logged successful API-request count only; multiple API requests can occur inside one model turn, and it carries no token quantity.",0,0,0,0,False,,log_or_start_footprint_only,"success_evidence means at least one logged HTTP 200 API request; it does not prove a complete outer turn, meaningful response, social action, task completion, tokens, or cost."
122447,agent-193,193,False,1,0,1,"[""swarm/vitals/agent-0193.log""]",6,0,1,0,0,0,"Logged successful API-request count only; multiple API requests can occur inside one model turn, and it carries no token quantity.",0,0,0,0,False,,log_or_start_footprint_only,"success_evidence means at least one logged HTTP 200 API request; it does not prove a complete outer turn, meaningful response, social action, task completion, tokens, or cost."
122447,agent-198,198,False,1,0,1,"[""swarm/vitals/agent-0198.log""]",6,0,1,0,0,0,"Logged successful API-request count only; multiple API requests can occur inside one model turn, and it carries no token quantity.",0,0,0,0,False,,log_or_start_footprint_only,"success_evidence means at least one logged HTTP 200 API request; it does not prove a complete outer turn, meaningful response, social action, task completion, tokens, or cost."
122447,agent-203,203,False,1,0,1,"[""swarm/vitals/agent-0203.log""]",6,0,1,0,0,0,"Logged successful API-request count only; multiple API requests can occur inside one model turn, and it carries no token quantity.",0,0,0,0,False,,log_or_start_footprint_only,"success_evidence means at least one logged HTTP 200 API request; it does not prove a complete outer turn, meaningful response, social action, task completion, tokens, or cost."
122447,agent-208,208,False,1,0,1,"[""swarm/vitals/agent-0208.log""]",6,0,1,0,0,0,"Logged successful API-request count only; multiple API requests can occur inside one model turn, and it carries no token quantity.",0,0,0,0,False,,log_or_start_footprint_only,"success_evidence means at least one logged HTTP 200 API request; it does not prove a complete outer turn, meaningful response, social action, task completion, tokens, or cost."
122447,agent-213,213,False,1,0,1,"[""swarm/vitals/agent-0213.log""]",6,0,1,0,0,0,"Logged successful API-request count only; multiple API requests can occur inside one model turn, and it carries no token quantity.",0,0,0,0,False,,log_or_start_footprint_only,"success_evidence means at least one logged HTTP 200 API request; it does not prove a complete outer turn, meaningful response, social action, task completion, tokens, or cost."
122447,agent-218,218,False,1,0,1,"[""swarm/vitals/agent-0218.log""]",6,0,1,0,0,0,"Logged successful API-request count only; multiple API requests can occur inside one model turn, and it carries no token quantity.",0,0,0,0,False,,log_or_start_footprint_only,"success_evidence means at least one logged HTTP 200 API request; it does not prove a complete outer turn, meaningful response, social action, task completion, tokens, or cost."
122447,agent-223,223,False,1,0,1,"[""swarm/vitals/agent-0223.log""]",6,0,1,0,0,0,"Logged successful API-request count only; multiple API requests can occur inside one model turn, and it carries no token quantity.",0,0,0,0,False,,log_or_start_footprint_only,"success_evidence means at least one logged HTTP 200 API request; it does not prove a complete outer turn, meaningful response, social action, task completion, tokens, or cost."
122447,agent-228,228,False,1,0,1,"[""swarm/vitals/agent-0228.log""]",6,0,1,0,0,0,"Logged successful API-request count only; multiple API requests can occur inside one model turn, and it carries no token quantity.",0,0,0,0,False,,log_or_start_footprint_only,"success_evidence means at least one logged HTTP 200 API request; it does not prove a complete outer turn, meaningful response, social action, task completion, tokens, or cost."
122447,agent-233,233,False,1,0,1,"[""swarm/vitals/agent-0233.log""]",6,0,1,0,0,0,"Logged successful API-request count only; multiple API requests can occur inside one model turn, and it carries no token quantity.",0,0,0,0,False,,log_or_start_footprint_only,"success_evidence means at least one logged HTTP 200 API request; it does not prove a complete outer turn, meaningful response, social action, task completion, tokens, or cost."
122447,agent-238,238,False,1,0,1,"[""swarm/vitals/agent-0238.log""]",6,0,1,0,0,0,"Logged successful API-request count only; multiple API requests can occur inside one model turn, and it carries no token quantity.",0,0,0,0,False,,log_or_start_footprint_only,"success_evidence means at least one logged HTTP 200 API request; it does not prove a complete outer turn, meaningful response, social action, task completion, tokens, or cost."
122447,agent-243,243,False,1,0,1,"[""swarm/vitals/agent-0243.log""]",6,0,1,0,0,0,"Logged successful API-request count only; multiple API requests can occur inside one model turn, and it carries no token quantity.",0,0,0,0,False,,log_or_start_footprint_only,"success_evidence means at least one logged HTTP 200 API request; it does not prove a complete outer turn, meaningful response, social action, task completion, tokens, or cost."
122447,agent-248,248,False,1,0,1,"[""swarm/vitals/agent-0248.log""]",6,0,1,0,0,0,"Logged successful API-request count only; multiple API requests can occur inside one model turn, and it carries no token quantity.",0,0,0,0,False,,log_or_start_footprint_only,"success_evidence means at least one logged HTTP 200 API request; it does not prove a complete outer turn, meaningful response, social action, task completion, tokens, or cost."
122447,agent-253,253,False,1,0,1,"[""swarm/vitals/agent-0253.log""]",6,0,1,0,0,0,"Logged successful API-request count only; multiple API requests can occur inside one model turn, and it carries no token quantity.",0,0,0,0,False,,log_or_start_footprint_only,"success_evidence means at least one logged HTTP 200 API request; it does not prove a complete outer turn, meaningful response, social action, task completion, tokens, or cost."
122447,agent-258,258,False,1,0,1,"[""swarm/vitals/agent-0258.log""]",6,0,1,0,0,0,"Logged successful API-request count only; multiple API requests can occur inside one model turn, and it carries no token quantity.",0,0,0,0,False,,log_or_start_footprint_only,"success_evidence means at least one logged HTTP 200 API request; it does not prove a complete outer turn, meaningful response, social action, task completion, tokens, or cost."
122447,agent-263,263,False,1,0,1,"[""swarm/vitals/agent-0263.log""]",6,0,1,0,0,0,"Logged successful API-request count only; multiple API requests can occur inside one model turn, and it carries no token quantity.",0,0,0,0,False,,log_or_start_footprint_only,"success_evidence means at least one logged HTTP 200 API request; it does not prove a complete outer turn, meaningful response, social action, task completion, tokens, or cost."
122447,agent-268,268,False,1,0,1,"[""swarm/vitals/agent-0268.log""]",6,0,1,0,0,0,"Logged successful API-request count only; multiple API requests can occur inside one model turn, and it carries no token quantity.",0,0,0,0,False,,log_or_start_footprint_only,"success_evidence means at least one logged HTTP 200 API request; it does not prove a complete outer turn, meaningful response, social action, task completion, tokens, or cost."
122447,agent-273,273,False,1,0,1,"[""swarm/vitals/agent-0273.log""]",6,0,1,0,0,0,"Logged successful API-request count only; multiple API requests can occur inside one model turn, and it carries no token quantity.",0,0,0,0,False,,log_or_start_footprint_only,"success_evidence means at least one logged HTTP 200 API request; it does not prove a complete outer turn, meaningful response, social action, task completion, tokens, or cost."
122447,agent-278,278,False,1,0,1,"[""swarm/vitals/agent-0278.log""]",6,0,1,0,0,0,"Logged successful API-request count only; multiple API requests can occur inside one model turn, and it carries no token quantity.",0,0,0,0,False,,log_or_start_footprint_only,"success_evidence means at least one logged HTTP 200 API request; it does not prove a complete outer turn, meaningful response, social action, task completion, tokens, or cost."
122447,agent-283,283,False,1,0,1,"[""swarm/vitals/agent-0283.log""]",6,0,1,0,0,0,"Logged successful API-request count only; multiple API requests can occur inside one model turn, and it carries no token quantity.",0,0,0,0,False,,log_or_start_footprint_only,"success_evidence means at least one logged HTTP 200 API request; it does not prove a complete outer turn, meaningful response, social action, task completion, tokens, or cost."
122447,agent-288,288,False,1,0,1,"[""swarm/vitals/agent-0288.log""]",6,0,1,0,0,0,"Logged successful API-request count only; multiple API requests can occur inside one model turn, and it carries no token quantity.",0,0,0,0,False,,log_or_start_footprint_only,"success_evidence means at least one logged HTTP 200 API request; it does not prove a complete outer turn, meaningful response, social action, task completion, tokens, or cost."
122447,agent-293,293,False,1,0,1,"[""swarm/vitals/agent-0293.log""]",6,0,1,0,0,0,"Logged successful API-request count only; multiple API requests can occur inside one model turn, and it carries no token quantity.",0,0,0,0,False,,log_or_start_footprint_only,"success_evidence means at least one logged HTTP 200 API request; it does not prove a complete outer turn, meaningful response, social action, task completion, tokens, or cost."
122447,agent-298,298,False,1,0,1,"[""swarm/vitals/agent-0298.log""]",6,0,1,0,0,0,"Logged successful API-request count only; multiple API requests can occur inside one model turn, and it carries no token quantity.",0,0,0,0,False,,log_or_start_footprint_only,"success_evidence means at least one logged HTTP 200 API request; it does not prove a complete outer turn, meaningful response, social action, task completion, tokens, or cost."
122447,agent-303,303,False,1,0,1,"[""swarm/vitals/agent-0303.log""]",6,0,1,0,0,0,"Logged successful API-request count only; multiple API requests can occur inside one model turn, and it carries no token quantity.",0,0,0,0,False,,log_or_start_footprint_only,"success_evidence means at least one logged HTTP 200 API request; it does not prove a complete outer turn, meaningful response, social action, task completion, tokens, or cost."
122447,agent-308,308,False,1,0,1,"[""swarm/vitals/agent-0308.log""]",6,0,1,0,0,0,"Logged successful API-request count only; multiple API requests can occur inside one model turn, and it carries no token quantity.",0,0,0,0,False,,log_or_start_footprint_only,"success_evidence means at least one logged HTTP 200 API request; it does not prove a complete outer turn, meaningful response, social action, task completion, tokens, or cost."
122447,agent-313,313,False,1,0,1,"[""swarm/vitals/agent-0313.log""]",6,0,1,0,0,0,"Logged successful API-request count only; multiple API requests can occur inside one model turn, and it carries no token quantity.",0,0,0,0,False,,log_or_start_footprint_only,"success_evidence means at least one logged HTTP 200 API request; it does not prove a complete outer turn, meaningful response, social action, task completion, tokens, or cost."
122447,agent-318,318,False,1,0,1,"[""swarm/vitals/agent-0318.log""]",6,0,1,0,0,0,"Logged successful API-request count only; multiple API requests can occur inside one model turn, and it carries no token quantity.",0,0,0,0,False,,log_or_start_footprint_only,"success_evidence means at least one logged HTTP 200 API request; it does not prove a complete outer turn, meaningful response, social action, task completion, tokens, or cost."
122447,agent-323,323,False,1,0,1,"[""swarm/vitals/agent-0323.log""]",6,0,1,0,0,0,"Logged successful API-request count only; multiple API requests can occur inside one model turn, and it carries no token quantity.",0,0,0,0,False,,log_or_start_footprint_only,"success_evidence means at least one logged HTTP 200 API request; it does not prove a complete outer turn, meaningful response, social action, task completion, tokens, or cost."
122447,agent-328,328,False,1,0,1,"[""swarm/vitals/agent-0328.log""]",6,0,1,0,0,0,"Logged successful API-request count only; multiple API requests can occur inside one model turn, and it carries no token quantity.",0,0,0,0,False,,log_or_start_footprint_only,"success_evidence means at least one logged HTTP 200 API request; it does not prove a complete outer turn, meaningful response, social action, task completion, tokens, or cost."
122447,agent-333,333,False,1,0,1,"[""swarm/vitals/agent-0333.log""]",6,0,1,0,0,0,"Logged successful API-request count only; multiple API requests can occur inside one model turn, and it carries no token quantity.",0,0,0,0,False,,log_or_start_footprint_only,"success_evidence means at least one logged HTTP 200 API request; it does not prove a complete outer turn, meaningful response, social action, task completion, tokens, or cost."
122447,agent-338,338,False,1,0,1,"[""swarm/vitals/agent-0338.log""]",6,0,1,0,0,0,"Logged successful API-request count only; multiple API requests can occur inside one model turn, and it carries no token quantity.",0,0,0,0,False,,log_or_start_footprint_only,"success_evidence means at least one logged HTTP 200 API request; it does not prove a complete outer turn, meaningful response, social action, task completion, tokens, or cost."
122447,agent-343,343,False,1,0,1,"[""swarm/vitals/agent-0343.log""]",6,0,1,0,0,0,"Logged successful API-request count only; multiple API requests can occur inside one model turn, and it carries no token quantity.",0,0,0,0,False,,log_or_start_footprint_only,"success_evidence means at least one logged HTTP 200 API request; it does not prove a complete outer turn, meaningful response, social action, task completion, tokens, or cost."
122447,agent-348,348,False,1,0,1,"[""swarm/vitals/agent-0348.log""]",6,0,1,0,0,0,"Logged successful API-request count only; multiple API requests can occur inside one model turn, and it carries no token quantity.",0,0,0,0,False,,log_or_start_footprint_only,"success_evidence means at least one logged HTTP 200 API request; it does not prove a complete outer turn, meaningful response, social action, task completion, tokens, or cost."
122447,agent-353,353,False,1,0,1,"[""swarm/vitals/agent-0353.log""]",6,0,1,0,0,0,"Logged successful API-request count only; multiple API requests can occur inside one model turn, and it carries no token quantity.",0,0,0,0,False,,log_or_start_footprint_only,"success_evidence means at least one logged HTTP 200 API request; it does not prove a complete outer turn, meaningful response, social action, task completion, tokens, or cost."
122447,agent-358,358,False,1,0,1,"[""swarm/vitals/agent-0358.log""]",6,0,1,0,0,0,"Logged successful API-request count only; multiple API requests can occur inside one model turn, and it carries no token quantity.",0,0,0,0,False,,log_or_start_footprint_only,"success_evidence means at least one logged HTTP 200 API request; it does not prove a complete outer turn, meaningful response, social action, task completion, tokens, or cost."
122447,agent-363,363,False,1,0,1,"[""swarm/vitals/agent-0363.log""]",6,0,1,0,0,0,"Logged successful API-request count only; multiple API requests can occur inside one model turn, and it carries no token quantity.",0,0,0,0,False,,log_or_start_footprint_only,"success_evidence means at least one logged HTTP 200 API request; it does not prove a complete outer turn, meaningful response, social action, task completion, tokens, or cost."
122447,agent-368,368,False,1,0,1,"[""swarm/vitals/agent-0368.log""]",6,0,1,0,0,0,"Logged successful API-request count only; multiple API requests can occur inside one model turn, and it carries no token quantity.",0,0,0,0,False,,log_or_start_footprint_only,"success_evidence means at least one logged HTTP 200 API request; it does not prove a complete outer turn, meaningful response, social action, task completion, tokens, or cost."
122447,agent-373,373,False,1,0,1,"[""swarm/vitals/agent-0373.log""]",6,0,1,0,0,0,"Logged successful API-request count only; multiple API requests can occur inside one model turn, and it carries no token quantity.",0,0,0,0,False,,log_or_start_footprint_only,"success_evidence means at least one logged HTTP 200 API request; it does not prove a complete outer turn, meaningful response, social action, task completion, tokens, or cost."
122447,agent-378,378,False,1,0,1,"[""swarm/vitals/agent-0378.log""]",6,0,1,0,0,0,"Logged successful API-request count only; multiple API requests can occur inside one model turn, and it carries no token quantity.",0,0,0,0,False,,log_or_start_footprint_only,"success_evidence means at least one logged HTTP 200 API request; it does not prove a complete outer turn, meaningful response, social action, task completion, tokens, or cost."
122447,agent-383,383,False,1,0,1,"[""swarm/vitals/agent-0383.log""]",6,0,1,0,0,0,"Logged successful API-request count only; multiple API requests can occur inside one model turn, and it carries no token quantity.",0,0,0,0,False,,log_or_start_footprint_only,"success_evidence means at least one logged HTTP 200 API request; it does not prove a complete outer turn, meaningful response, social action, task completion, tokens, or cost."
122447,agent-388,388,False,1,0,1,"[""swarm/vitals/agent-0388.log""]",6,0,1,0,0,0,"Logged successful API-request count only; multiple API requests can occur inside one model turn, and it carries no token quantity.",0,0,0,0,False,,log_or_start_footprint_only,"success_evidence means at least one logged HTTP 200 API request; it does not prove a complete outer turn, meaningful response, social action, task completion, tokens, or cost."
122447,agent-393,393,False,1,0,1,"[""swarm/vitals/agent-0393.log""]",6,0,1,0,0,0,"Logged successful API-request count only; multiple API requests can occur inside one model turn, and it carries no token quantity.",0,0,0,0,False,,log_or_start_footprint_only,"success_evidence means at least one logged HTTP 200 API request; it does not prove a complete outer turn, meaningful response, social action, task completion, tokens, or cost."
122447,agent-398,398,False,1,0,1,"[""swarm/vitals/agent-0398.log""]",6,0,1,0,0,0,"Logged successful API-request count only; multiple API requests can occur inside one model turn, and it carries no token quantity.",0,0,0,0,False,,log_or_start_footprint_only,"success_evidence means at least one logged HTTP 200 API request; it does not prove a complete outer turn, meaningful response, social action, task completion, tokens, or cost."
122447,agent-403,403,False,1,0,1,"[""swarm/vitals/agent-0403.log""]",6,0,1,0,0,0,"Logged successful API-request count only; multiple API requests can occur inside one model turn, and it carries no token quantity.",0,0,0,0,False,,log_or_start_footprint_only,"success_evidence means at least one logged HTTP 200 API request; it does not prove a complete outer turn, meaningful response, social action, task completion, tokens, or cost."
122447,agent-408,408,False,1,0,1,"[""swarm/vitals/agent-0408.log""]",6,0,1,0,0,0,"Logged successful API-request count only; multiple API requests can occur inside one model turn, and it carries no token quantity.",0,0,0,0,False,,log_or_start_footprint_only,"success_evidence means at least one logged HTTP 200 API request; it does not prove a complete outer turn, meaningful response, social action, task completion, tokens, or cost."
122447,agent-413,413,False,1,0,1,"[""swarm/vitals/agent-0413.log""]",6,0,1,0,0,0,"Logged successful API-request count only; multiple API requests can occur inside one model turn, and it carries no token quantity.",0,0,0,0,False,,log_or_start_footprint_only,"success_evidence means at least one logged HTTP 200 API request; it does not prove a complete outer turn, meaningful response, social action, task completion, tokens, or cost."
122447,agent-418,418,False,1,0,1,"[""swarm/vitals/agent-0418.log""]",6,0,1,0,0,0,"Logged successful API-request count only; multiple API requests can occur inside one model turn, and it carries no token quantity.",0,0,0,0,False,,log_or_start_footprint_only,"success_evidence means at least one logged HTTP 200 API request; it does not prove a complete outer turn, meaningful response, social action, task completion, tokens, or cost."
122447,agent-423,423,False,1,0,1,"[""swarm/vitals/agent-0423.log""]",6,0,1,0,0,0,"Logged successful API-request count only; multiple API requests can occur inside one model turn, and it carries no token quantity.",0,0,0,0,False,,log_or_start_footprint_only,"success_evidence means at least one logged HTTP 200 API request; it does not prove a complete outer turn, meaningful response, social action, task completion, tokens, or cost."
122447,agent-428,428,False,1,0,1,"[""swarm/vitals/agent-0428.log""]",6,0,1,0,0,0,"Logged successful API-request count only; multiple API requests can occur inside one model turn, and it carries no token quantity.",0,0,0,0,False,,log_or_start_footprint_only,"success_evidence means at least one logged HTTP 200 API request; it does not prove a complete outer turn, meaningful response, social action, task completion, tokens, or cost."
122447,agent-433,433,False,1,0,1,"[""swarm/vitals/agent-0433.log""]",6,0,1,0,0,0,"Logged successful API-request count only; multiple API requests can occur inside one model turn, and it carries no token quantity.",0,0,0,0,False,,log_or_start_footprint_only,"success_evidence means at least one logged HTTP 200 API request; it does not prove a complete outer turn, meaningful response, social action, task completion, tokens, or cost."
122447,agent-438,438,False,1,0,1,"[""swarm/vitals/agent-0438.log""]",6,0,1,0,0,0,"Logged successful API-request count only; multiple API requests can occur inside one model turn, and it carries no token quantity.",0,0,0,0,False,,log_or_start_footprint_only,"success_evidence means at least one logged HTTP 200 API request; it does not prove a complete outer turn, meaningful response, social action, task completion, tokens, or cost."
122447,agent-443,443,False,1,0,1,"[""swarm/vitals/agent-0443.log""]",6,0,1,0,0,0,"Logged successful API-request count only; multiple API requests can occur inside one model turn, and it carries no token quantity.",0,0,0,0,False,,log_or_start_footprint_only,"success_evidence means at least one logged HTTP 200 API request; it does not prove a complete outer turn, meaningful response, social action, task completion, tokens, or cost."
122447,agent-448,448,False,1,0,1,"[""swarm/vitals/agent-0448.log""]",6,0,1,0,0,0,"Logged successful API-request count only; multiple API requests can occur inside one model turn, and it carries no token quantity.",0,0,0,0,False,,log_or_start_footprint_only,"success_evidence means at least one logged HTTP 200 API request; it does not prove a complete outer turn, meaningful response, social action, task completion, tokens, or cost."
122447,agent-453,453,False,1,0,1,"[""swarm/vitals/agent-0453.log""]",6,0,1,0,0,0,"Logged successful API-request count only; multiple API requests can occur inside one model turn, and it carries no token quantity.",0,0,0,0,False,,log_or_start_footprint_only,"success_evidence means at least one logged HTTP 200 API request; it does not prove a complete outer turn, meaningful response, social action, task completion, tokens, or cost."
122447,agent-458,458,False,1,0,1,"[""swarm/vitals/agent-0458.log""]",6,0,1,0,0,0,"Logged successful API-request count only; multiple API requests can occur inside one model turn, and it carries no token quantity.",0,0,0,0,False,,log_or_start_footprint_only,"success_evidence means at least one logged HTTP 200 API request; it does not prove a complete outer turn, meaningful response, social action, task completion, tokens, or cost."
122447,agent-463,463,False,1,0,1,"[""swarm/vitals/agent-0463.log""]",6,0,1,0,0,0,"Logged successful API-request count only; multiple API requests can occur inside one model turn, and it carries no token quantity.",0,0,0,0,False,,log_or_start_footprint_only,"success_evidence means at least one logged HTTP 200 API request; it does not prove a complete outer turn, meaningful response, social action, task completion, tokens, or cost."
122447,agent-468,468,False,1,0,1,"[""swarm/vitals/agent-0468.log""]",6,0,1,0,0,0,"Logged successful API-request count only; multiple API requests can occur inside one model turn, and it carries no token quantity.",0,0,0,0,False,,log_or_start_footprint_only,"success_evidence means at least one logged HTTP 200 API request; it does not prove a complete outer turn, meaningful response, social action, task completion, tokens, or cost."
122447,agent-473,473,False,1,0,1,"[""swarm/vitals/agent-0473.log""]",6,0,1,0,0,0,"Logged successful API-request count only; multiple API requests can occur inside one model turn, and it carries no token quantity.",0,0,0,0,False,,log_or_start_footprint_only,"success_evidence means at least one logged HTTP 200 API request; it does not prove a complete outer turn, meaningful response, social action, task completion, tokens, or cost."
122447,agent-478,478,False,1,0,1,"[""swarm/vitals/agent-0478.log""]",6,0,1,0,0,0,"Logged successful API-request count only; multiple API requests can occur inside one model turn, and it carries no token quantity.",0,0,0,0,False,,log_or_start_footprint_only,"success_evidence means at least one logged HTTP 200 API request; it does not prove a complete outer turn, meaningful response, social action, task completion, tokens, or cost."
122447,agent-483,483,False,1,0,1,"[""swarm/vitals/agent-0483.log""]",6,0,1,0,0,0,"Logged successful API-request count only; multiple API requests can occur inside one model turn, and it carries no token quantity.",0,0,0,0,False,,log_or_start_footprint_only,"success_evidence means at least one logged HTTP 200 API request; it does not prove a complete outer turn, meaningful response, social action, task completion, tokens, or cost."
122447,agent-488,488,False,1,0,1,"[""swarm/vitals/agent-0488.log""]",6,0,1,0,0,0,"Logged successful API-request count only; multiple API requests can occur inside one model turn, and it carries no token quantity.",0,0,0,0,False,,log_or_start_footprint_only,"success_evidence means at least one logged HTTP 200 API request; it does not prove a complete outer turn, meaningful response, social action, task completion, tokens, or cost."
122447,agent-493,493,False,1,0,1,"[""swarm/vitals/agent-0493.log""]",6,0,1,0,0,0,"Logged successful API-request count only; multiple API requests can occur inside one model turn, and it carries no token quantity.",0,0,0,0,False,,log_or_start_footprint_only,"success_evidence means at least one logged HTTP 200 API request; it does not prove a complete outer turn, meaningful response, social action, task completion, tokens, or cost."
122447,agent-498,498,False,1,0,1,"[""swarm/vitals/agent-0498.log""]",6,0,1,0,0,0,"Logged successful API-request count only; multiple API requests can occur inside one model turn, and it carries no token quantity.",0,0,0,0,False,,log_or_start_footprint_only,"success_evidence means at least one logged HTTP 200 API request; it does not prove a complete outer turn, meaningful response, social action, task completion, tokens, or cost."
122447,agent-503,503,False,1,0,1,"[""swarm/vitals/agent-0503.log""]",6,0,1,0,0,0,"Logged successful API-request count only; multiple API requests can occur inside one model turn, and it carries no token quantity.",0,0,0,0,False,,log_or_start_footprint_only,"success_evidence means at least one logged HTTP 200 API request; it does not prove a complete outer turn, meaningful response, social action, task completion, tokens, or cost."
122447,agent-508,508,False,1,0,1,"[""swarm/vitals/agent-0508.log""]",6,0,1,0,0,0,"Logged successful API-request count only; multiple API requests can occur inside one model turn, and it carries no token quantity.",0,0,0,0,False,,log_or_start_footprint_only,"success_evidence means at least one logged HTTP 200 API request; it does not prove a complete outer turn, meaningful response, social action, task completion, tokens, or cost."
122447,agent-513,513,False,1,0,1,"[""swarm/vitals/agent-0513.log""]",6,0,1,0,0,0,"Logged successful API-request count only; multiple API requests can occur inside one model turn, and it carries no token quantity.",0,0,0,0,False,,log_or_start_footprint_only,"success_evidence means at least one logged HTTP 200 API request; it does not prove a complete outer turn, meaningful response, social action, task completion, tokens, or cost."
122447,agent-518,518,False,1,0,1,"[""swarm/vitals/agent-0518.log""]",6,0,1,0,0,0,"Logged successful API-request count only; multiple API requests can occur inside one model turn, and it carries no token quantity.",0,0,0,0,False,,log_or_start_footprint_only,"success_evidence means at least one logged HTTP 200 API request; it does not prove a complete outer turn, meaningful response, social action, task completion, tokens, or cost."
122447,agent-523,523,False,1,0,1,"[""swarm/vitals/agent-0523.log""]",6,0,1,0,0,0,"Logged successful API-request count only; multiple API requests can occur inside one model turn, and it carries no token quantity.",0,0,0,0,False,,log_or_start_footprint_only,"success_evidence means at least one logged HTTP 200 API request; it does not prove a complete outer turn, meaningful response, social action, task completion, tokens, or cost."
122447,agent-528,528,False,1,0,1,"[""swarm/vitals/agent-0528.log""]",6,0,1,0,0,0,"Logged successful API-request count only; multiple API requests can occur inside one model turn, and it carries no token quantity.",0,0,0,0,False,,log_or_start_footprint_only,"success_evidence means at least one logged HTTP 200 API request; it does not prove a complete outer turn, meaningful response, social action, task completion, tokens, or cost."
122447,agent-533,533,False,1,0,1,"[""swarm/vitals/agent-0533.log""]",6,0,1,0,0,0,"Logged successful API-request count only; multiple API requests can occur inside one model turn, and it carries no token quantity.",0,0,0,0,False,,log_or_start_footprint_only,"success_evidence means at least one logged HTTP 200 API request; it does not prove a complete outer turn, meaningful response, social action, task completion, tokens, or cost."
122447,agent-538,538,False,1,0,1,"[""swarm/vitals/agent-0538.log""]",6,0,1,0,0,0,"Logged successful API-request count only; multiple API requests can occur inside one model turn, and it carries no token quantity.",0,0,0,0,False,,log_or_start_footprint_only,"success_evidence means at least one logged HTTP 200 API request; it does not prove a complete outer turn, meaningful response, social action, task completion, tokens, or cost."
122447,agent-543,543,False,1,0,1,"[""swarm/vitals/agent-0543.log""]",6,0,1,0,0,0,"Logged successful API-request count only; multiple API requests can occur inside one model turn, and it carries no token quantity.",0,0,0,0,False,,log_or_start_footprint_only,"success_evidence means at least one logged HTTP 200 API request; it does not prove a complete outer turn, meaningful response, social action, task completion, tokens, or cost."
122447,agent-548,548,False,1,0,1,"[""swarm/vitals/agent-0548.log""]",6,0,1,0,0,0,"Logged successful API-request count only; multiple API requests can occur inside one model turn, and it carries no token quantity.",0,0,0,0,False,,log_or_start_footprint_only,"success_evidence means at least one logged HTTP 200 API request; it does not prove a complete outer turn, meaningful response, social action, task completion, tokens, or cost."
122447,agent-553,553,False,1,0,1,"[""swarm/vitals/agent-0553.log""]",6,0,1,0,0,0,"Logged successful API-request count only; multiple API requests can occur inside one model turn, and it carries no token quantity.",0,0,0,0,False,,log_or_start_footprint_only,"success_evidence means at least one logged HTTP 200 API request; it does not prove a complete outer turn, meaningful response, social action, task completion, tokens, or cost."
122447,agent-558,558,False,1,0,1,"[""swarm/vitals/agent-0558.log""]",6,0,1,0,0,0,"Logged successful API-request count only; multiple API requests can occur inside one model turn, and it carries no token quantity.",0,0,0,0,False,,log_or_start_footprint_only,"success_evidence means at least one logged HTTP 200 API request; it does not prove a complete outer turn, meaningful response, social action, task completion, tokens, or cost."
122447,agent-563,563,False,1,0,1,"[""swarm/vitals/agent-0563.log""]",6,0,1,0,0,0,"Logged successful API-request count only; multiple API requests can occur inside one model turn, and it carries no token quantity.",0,0,0,0,False,,log_or_start_footprint_only,"success_evidence means at least one logged HTTP 200 API request; it does not prove a complete outer turn, meaningful response, social action, task completion, tokens, or cost."
122447,agent-568,568,False,1,0,1,"[""swarm/vitals/agent-0568.log""]",6,0,1,0,0,0,"Logged successful API-request count only; multiple API requests can occur inside one model turn, and it carries no token quantity.",0,0,0,0,False,,log_or_start_footprint_only,"success_evidence means at least one logged HTTP 200 API request; it does not prove a complete outer turn, meaningful response, social action, task completion, tokens, or cost."
122447,agent-573,573,False,1,0,1,"[""swarm/vitals/agent-0573.log""]",6,0,1,0,0,0,"Logged successful API-request count only; multiple API requests can occur inside one model turn, and it carries no token quantity.",0,0,0,0,False,,log_or_start_footprint_only,"success_evidence means at least one logged HTTP 200 API request; it does not prove a complete outer turn, meaningful response, social action, task completion, tokens, or cost."
122447,agent-578,578,False,1,0,1,"[""swarm/vitals/agent-0578.log""]",6,0,1,0,0,0,"Logged successful API-request count only; multiple API requests can occur inside one model turn, and it carries no token quantity.",0,0,0,0,False,,log_or_start_footprint_only,"success_evidence means at least one logged HTTP 200 API request; it does not prove a complete outer turn, meaningful response, social action, task completion, tokens, or cost."
122447,agent-583,583,False,1,0,1,"[""swarm/vitals/agent-0583.log""]",6,0,1,0,0,0,"Logged successful API-request count only; multiple API requests can occur inside one model turn, and it carries no token quantity.",0,0,0,0,False,,log_or_start_footprint_only,"success_evidence means at least one logged HTTP 200 API request; it does not prove a complete outer turn, meaningful response, social action, task completion, tokens, or cost."
122447,agent-588,588,False,1,0,1,"[""swarm/vitals/agent-0588.log""]",6,0,1,0,0,0,"Logged successful API-request count only; multiple API requests can occur inside one model turn, and it carries no token quantity.",0,0,0,0,False,,log_or_start_footprint_only,"success_evidence means at least one logged HTTP 200 API request; it does not prove a complete outer turn, meaningful response, social action, task completion, tokens, or cost."
122447,agent-593,593,False,1,0,1,"[""swarm/vitals/agent-0593.log""]",6,0,1,0,0,0,"Logged successful API-request count only; multiple API requests can occur inside one model turn, and it carries no token quantity.",0,0,0,0,False,,log_or_start_footprint_only,"success_evidence means at least one logged HTTP 200 API request; it does not prove a complete outer turn, meaningful response, social action, task completion, tokens, or cost."
122447,agent-598,598,False,1,0,1,"[""swarm/vitals/agent-0598.log""]",6,0,1,0,0,0,"Logged successful API-request count only; multiple API requests can occur inside one model turn, and it carries no token quantity.",0,0,0,0,False,,log_or_start_footprint_only,"success_evidence means at least one logged HTTP 200 API request; it does not prove a complete outer turn, meaningful response, social action, task completion, tokens, or cost."
122447,agent-603,603,False,1,0,1,"[""swarm/vitals/agent-0603.log""]",6,0,1,0,0,0,"Logged successful API-request count only; multiple API requests can occur inside one model turn, and it carries no token quantity.",0,0,0,0,False,,log_or_start_footprint_only,"success_evidence means at least one logged HTTP 200 API request; it does not prove a complete outer turn, meaningful response, social action, task completion, tokens, or cost."
122447,agent-608,608,False,1,0,1,"[""swarm/vitals/agent-0608.log""]",6,0,1,0,0,0,"Logged successful API-request count only; multiple API requests can occur inside one model turn, and it carries no token quantity.",0,0,0,0,False,,log_or_start_footprint_only,"success_evidence means at least one logged HTTP 200 API request; it does not prove a complete outer turn, meaningful response, social action, task completion, tokens, or cost."
122447,agent-613,613,False,1,0,1,"[""swarm/vitals/agent-0613.log""]",6,0,1,0,0,0,"Logged successful API-request count only; multiple API requests can occur inside one model turn, and it carries no token quantity.",0,0,0,0,False,,log_or_start_footprint_only,"success_evidence means at least one logged HTTP 200 API request; it does not prove a complete outer turn, meaningful response, social action, task completion, tokens, or cost."
122447,agent-618,618,False,1,0,1,"[""swarm/vitals/agent-0618.log""]",6,0,1,0,0,0,"Logged successful API-request count only; multiple API requests can occur inside one model turn, and it carries no token quantity.",0,0,0,0,False,,log_or_start_footprint_only,"success_evidence means at least one logged HTTP 200 API request; it does not prove a complete outer turn, meaningful response, social action, task completion, tokens, or cost."
122447,agent-623,623,False,1,0,1,"[""swarm/vitals/agent-0623.log""]",6,0,1,0,0,0,"Logged successful API-request count only; multiple API requests can occur inside one model turn, and it carries no token quantity.",0,0,0,0,False,,log_or_start_footprint_only,"success_evidence means at least one logged HTTP 200 API request; it does not prove a complete outer turn, meaningful response, social action, task completion, tokens, or cost."
122447,agent-628,628,False,1,0,1,"[""swarm/vitals/agent-0628.log""]",6,0,1,0,0,0,"Logged successful API-request count only; multiple API requests can occur inside one model turn, and it carries no token quantity.",0,0,0,0,False,,log_or_start_footprint_only,"success_evidence means at least one logged HTTP 200 API request; it does not prove a complete outer turn, meaningful response, social action, task completion, tokens, or cost."
122447,agent-633,633,False,1,0,1,"[""swarm/vitals/agent-0633.log""]",6,0,1,0,0,0,"Logged successful API-request count only; multiple API requests can occur inside one model turn, and it carries no token quantity.",0,0,0,0,False,,log_or_start_footprint_only,"success_evidence means at least one logged HTTP 200 API request; it does not prove a complete outer turn, meaningful response, social action, task completion, tokens, or cost."
122447,agent-638,638,False,1,0,1,"[""swarm/vitals/agent-0638.log""]",6,0,1,0,0,0,"Logged successful API-request count only; multiple API requests can occur inside one model turn, and it carries no token quantity.",0,0,0,0,False,,log_or_start_footprint_only,"success_evidence means at least one logged HTTP 200 API request; it does not prove a complete outer turn, meaningful response, social action, task completion, tokens, or cost."
122447,agent-643,643,False,1,0,1,"[""swarm/vitals/agent-0643.log""]",6,0,1,0,0,0,"Logged successful API-request count only; multiple API requests can occur inside one model turn, and it carries no token quantity.",0,0,0,0,False,,log_or_start_footprint_only,"success_evidence means at least one logged HTTP 200 API request; it does not prove a complete outer turn, meaningful response, social action, task completion, tokens, or cost."
122447,agent-648,648,False,1,0,1,"[""swarm/vitals/agent-0648.log""]",6,0,1,0,0,0,"Logged successful API-request count only; multiple API requests can occur inside one model turn, and it carries no token quantity.",0,0,0,0,False,,log_or_start_footprint_only,"success_evidence means at least one logged HTTP 200 API request; it does not prove a complete outer turn, meaningful response, social action, task completion, tokens, or cost."
122447,agent-653,653,False,1,0,1,"[""swarm/vitals/agent-0653.log""]",6,0,1,0,0,0,"Logged successful API-request count only; multiple API requests can occur inside one model turn, and it carries no token quantity.",0,0,0,0,False,,log_or_start_footprint_only,"success_evidence means at least one logged HTTP 200 API request; it does not prove a complete outer turn, meaningful response, social action, task completion, tokens, or cost."
122447,agent-658,658,False,1,0,1,"[""swarm/vitals/agent-0658.log""]",6,0,1,0,0,0,"Logged successful API-request count only; multiple API requests can occur inside one model turn, and it carries no token quantity.",0,0,0,0,False,,log_or_start_footprint_only,"success_evidence means at least one logged HTTP 200 API request; it does not prove a complete outer turn, meaningful response, social action, task completion, tokens, or cost."
122447,agent-663,663,False,1,0,1,"[""swarm/vitals/agent-0663.log""]",6,0,1,0,0,0,"Logged successful API-request count only; multiple API requests can occur inside one model turn, and it carries no token quantity.",0,0,0,0,False,,log_or_start_footprint_only,"success_evidence means at least one logged HTTP 200 API request; it does not prove a complete outer turn, meaningful response, social action, task completion, tokens, or cost."
122447,agent-668,668,False,1,0,1,"[""swarm/vitals/agent-0668.log""]",6,0,1,0,0,0,"Logged successful API-request count only; multiple API requests can occur inside one model turn, and it carries no token quantity.",0,0,0,0,False,,log_or_start_footprint_only,"success_evidence means at least one logged HTTP 200 API request; it does not prove a complete outer turn, meaningful response, social action, task completion, tokens, or cost."
122447,agent-673,673,False,1,0,1,"[""swarm/vitals/agent-0673.log""]",6,0,1,0,0,0,"Logged successful API-request count only; multiple API requests can occur inside one model turn, and it carries no token quantity.",0,0,0,0,False,,log_or_start_footprint_only,"success_evidence means at least one logged HTTP 200 API request; it does not prove a complete outer turn, meaningful response, social action, task completion, tokens, or cost."
122447,agent-678,678,False,1,0,1,"[""swarm/vitals/agent-0678.log""]",6,0,1,0,0,0,"Logged successful API-request count only; multiple API requests can occur inside one model turn, and it carries no token quantity.",0,0,0,0,False,,log_or_start_footprint_only,"success_evidence means at least one logged HTTP 200 API request; it does not prove a complete outer turn, meaningful response, social action, task completion, tokens, or cost."
122447,agent-683,683,False,1,0,1,"[""swarm/vitals/agent-0683.log""]",6,0,1,0,0,0,"Logged successful API-request count only; multiple API requests can occur inside one model turn, and it carries no token quantity.",0,0,0,0,False,,log_or_start_footprint_only,"success_evidence means at least one logged HTTP 200 API request; it does not prove a complete outer turn, meaningful response, social action, task completion, tokens, or cost."
122447,agent-688,688,False,1,0,1,"[""swarm/vitals/agent-0688.log""]",6,0,1,0,0,0,"Logged successful API-request count only; multiple API requests can occur inside one model turn, and it carries no token quantity.",0,0,0,0,False,,log_or_start_footprint_only,"success_evidence means at least one logged HTTP 200 API request; it does not prove a complete outer turn, meaningful response, social action, task completion, tokens, or cost."
122447,agent-693,693,False,1,0,1,"[""swarm/vitals/agent-0693.log""]",6,0,1,0,0,0,"Logged successful API-request count only; multiple API requests can occur inside one model turn, and it carries no token quantity.",0,0,0,0,False,,log_or_start_footprint_only,"success_evidence means at least one logged HTTP 200 API request; it does not prove a complete outer turn, meaningful response, social action, task completion, tokens, or cost."
122447,agent-698,698,False,1,0,1,"[""swarm/vitals/agent-0698.log""]",6,0,1,0,0,0,"Logged successful API-request count only; multiple API requests can occur inside one model turn, and it carries no token quantity.",0,0,0,0,False,,log_or_start_footprint_only,"success_evidence means at least one logged HTTP 200 API request; it does not prove a complete outer turn, meaningful response, social action, task completion, tokens, or cost."
122447,agent-703,703,False,1,0,1,"[""swarm/vitals/agent-0703.log""]",6,0,1,0,0,0,"Logged successful API-request count only; multiple API requests can occur inside one model turn, and it carries no token quantity.",0,0,0,0,False,,log_or_start_footprint_only,"success_evidence means at least one logged HTTP 200 API request; it does not prove a complete outer turn, meaningful response, social action, task completion, tokens, or cost."
122447,agent-708,708,False,1,0,1,"[""swarm/vitals/agent-0708.log""]",6,0,1,0,0,0,"Logged successful API-request count only; multiple API requests can occur inside one model turn, and it carries no token quantity.",0,0,0,0,False,,log_or_start_footprint_only,"success_evidence means at least one logged HTTP 200 API request; it does not prove a complete outer turn, meaningful response, social action, task completion, tokens, or cost."
122447,agent-713,713,False,1,0,1,"[""swarm/vitals/agent-0713.log""]",6,0,1,0,0,0,"Logged successful API-request count only; multiple API requests can occur inside one model turn, and it carries no token quantity.",0,0,0,0,False,,log_or_start_footprint_only,"success_evidence means at least one logged HTTP 200 API request; it does not prove a complete outer turn, meaningful response, social action, task completion, tokens, or cost."
122447,agent-718,718,False,1,0,1,"[""swarm/vitals/agent-0718.log""]",6,0,1,0,0,0,"Logged successful API-request count only; multiple API requests can occur inside one model turn, and it carries no token quantity.",0,0,0,0,False,,log_or_start_footprint_only,"success_evidence means at least one logged HTTP 200 API request; it does not prove a complete outer turn, meaningful response, social action, task completion, tokens, or cost."
122447,agent-723,723,False,1,0,1,"[""swarm/vitals/agent-0723.log""]",6,0,1,0,0,0,"Logged successful API-request count only; multiple API requests can occur inside one model turn, and it carries no token quantity.",0,0,0,0,False,,log_or_start_footprint_only,"success_evidence means at least one logged HTTP 200 API request; it does not prove a complete outer turn, meaningful response, social action, task completion, tokens, or cost."
122447,agent-728,728,False,1,0,1,"[""swarm/vitals/agent-0728.log""]",6,0,1,0,0,0,"Logged successful API-request count only; multiple API requests can occur inside one model turn, and it carries no token quantity.",0,0,0,0,False,,log_or_start_footprint_only,"success_evidence means at least one logged HTTP 200 API request; it does not prove a complete outer turn, meaningful response, social action, task completion, tokens, or cost."
122447,agent-733,733,False,1,0,1,"[""swarm/vitals/agent-0733.log""]",6,0,1,0,0,0,"Logged successful API-request count only; multiple API requests can occur inside one model turn, and it carries no token quantity.",0,0,0,0,False,,log_or_start_footprint_only,"success_evidence means at least one logged HTTP 200 API request; it does not prove a complete outer turn, meaningful response, social action, task completion, tokens, or cost."
122447,agent-738,738,False,1,0,1,"[""swarm/vitals/agent-0738.log""]",6,0,1,0,0,0,"Logged successful API-request count only; multiple API requests can occur inside one model turn, and it carries no token quantity.",0,0,0,0,False,,log_or_start_footprint_only,"success_evidence means at least one logged HTTP 200 API request; it does not prove a complete outer turn, meaningful response, social action, task completion, tokens, or cost."
122447,agent-743,743,False,1,0,1,"[""swarm/vitals/agent-0743.log""]",6,0,1,0,0,0,"Logged successful API-request count only; multiple API requests can occur inside one model turn, and it carries no token quantity.",0,0,0,0,False,,log_or_start_footprint_only,"success_evidence means at least one logged HTTP 200 API request; it does not prove a complete outer turn, meaningful response, social action, task completion, tokens, or cost."
122447,agent-748,748,False,1,0,1,"[""swarm/vitals/agent-0748.log""]",6,0,1,0,0,0,"Logged successful API-request count only; multiple API requests can occur inside one model turn, and it carries no token quantity.",0,0,0,0,False,,log_or_start_footprint_only,"success_evidence means at least one logged HTTP 200 API request; it does not prove a complete outer turn, meaningful response, social action, task completion, tokens, or cost."
122447,agent-753,753,False,1,0,1,"[""swarm/vitals/agent-0753.log""]",6,0,1,0,0,0,"Logged successful API-request count only; multiple API requests can occur inside one model turn, and it carries no token quantity.",0,0,0,0,False,,log_or_start_footprint_only,"success_evidence means at least one logged HTTP 200 API request; it does not prove a complete outer turn, meaningful response, social action, task completion, tokens, or cost."
122447,agent-758,758,False,1,0,1,"[""swarm/vitals/agent-0758.log""]",6,0,1,0,0,0,"Logged successful API-request count only; multiple API requests can occur inside one model turn, and it carries no token quantity.",0,0,0,0,False,,log_or_start_footprint_only,"success_evidence means at least one logged HTTP 200 API request; it does not prove a complete outer turn, meaningful response, social action, task completion, tokens, or cost."
122447,agent-763,763,False,1,0,1,"[""swarm/vitals/agent-0763.log""]",6,0,1,0,0,0,"Logged successful API-request count only; multiple API requests can occur inside one model turn, and it carries no token quantity.",0,0,0,0,False,,log_or_start_footprint_only,"success_evidence means at least one logged HTTP 200 API request; it does not prove a complete outer turn, meaningful response, social action, task completion, tokens, or cost."
122447,agent-768,768,False,1,0,1,"[""swarm/vitals/agent-0768.log""]",6,0,1,0,0,0,"Logged successful API-request count only; multiple API requests can occur inside one model turn, and it carries no token quantity.",0,0,0,0,False,,log_or_start_footprint_only,"success_evidence means at least one logged HTTP 200 API request; it does not prove a complete outer turn, meaningful response, social action, task completion, tokens, or cost."
122447,agent-773,773,False,1,0,1,"[""swarm/vitals/agent-0773.log""]",6,0,1,0,0,0,"Logged successful API-request count only; multiple API requests can occur inside one model turn, and it carries no token quantity.",0,0,0,0,False,,log_or_start_footprint_only,"success_evidence means at least one logged HTTP 200 API request; it does not prove a complete outer turn, meaningful response, social action, task completion, tokens, or cost."
122447,agent-778,778,False,1,0,1,"[""swarm/vitals/agent-0778.log""]",6,0,1,0,0,0,"Logged successful API-request count only; multiple API requests can occur inside one model turn, and it carries no token quantity.",0,0,0,0,False,,log_or_start_footprint_only,"success_evidence means at least one logged HTTP 200 API request; it does not prove a complete outer turn, meaningful response, social action, task completion, tokens, or cost."
122447,agent-783,783,False,1,0,1,"[""swarm/vitals/agent-0783.log""]",6,0,1,0,0,0,"Logged successful API-request count only; multiple API requests can occur inside one model turn, and it carries no token quantity.",0,0,0,0,False,,log_or_start_footprint_only,"success_evidence means at least one logged HTTP 200 API request; it does not prove a complete outer turn, meaningful response, social action, task completion, tokens, or cost."
122447,agent-788,788,False,1,0,1,"[""swarm/vitals/agent-0788.log""]",6,0,1,0,0,0,"Logged successful API-request count only; multiple API requests can occur inside one model turn, and it carries no token quantity.",0,0,0,0,False,,log_or_start_footprint_only,"success_evidence means at least one logged HTTP 200 API request; it does not prove a complete outer turn, meaningful response, social action, task completion, tokens, or cost."
122447,agent-793,793,False,1,0,1,"[""swarm/vitals/agent-0793.log""]",6,0,1,0,0,0,"Logged successful API-request count only; multiple API requests can occur inside one model turn, and it carries no token quantity.",0,0,0,0,False,,log_or_start_footprint_only,"success_evidence means at least one logged HTTP 200 API request; it does not prove a complete outer turn, meaningful response, social action, task completion, tokens, or cost."
122447,agent-798,798,False,1,0,1,"[""swarm/vitals/agent-0798.log""]",6,0,1,0,0,0,"Logged successful API-request count only; multiple API requests can occur inside one model turn, and it carries no token quantity.",0,0,0,0,False,,log_or_start_footprint_only,"success_evidence means at least one logged HTTP 200 API request; it does not prove a complete outer turn, meaningful response, social action, task completion, tokens, or cost."
122447,agent-803,803,False,1,0,1,"[""swarm/vitals/agent-0803.log""]",6,0,1,0,0,0,"Logged successful API-request count only; multiple API requests can occur inside one model turn, and it carries no token quantity.",0,0,0,0,False,,log_or_start_footprint_only,"success_evidence means at least one logged HTTP 200 API request; it does not prove a complete outer turn, meaningful response, social action, task completion, tokens, or cost."
122447,agent-808,808,False,1,0,1,"[""swarm/vitals/agent-0808.log""]",6,0,1,0,0,0,"Logged successful API-request count only; multiple API requests can occur inside one model turn, and it carries no token quantity.",0,0,0,0,False,,log_or_start_footprint_only,"success_evidence means at least one logged HTTP 200 API request; it does not prove a complete outer turn, meaningful response, social action, task completion, tokens, or cost."
122447,agent-813,813,False,1,0,1,"[""swarm/vitals/agent-0813.log""]",6,0,1,0,0,0,"Logged successful API-request count only; multiple API requests can occur inside one model turn, and it carries no token quantity.",0,0,0,0,False,,log_or_start_footprint_only,"success_evidence means at least one logged HTTP 200 API request; it does not prove a complete outer turn, meaningful response, social action, task completion, tokens, or cost."
122447,agent-818,818,False,1,0,1,"[""swarm/vitals/agent-0818.log""]",6,0,1,0,0,0,"Logged successful API-request count only; multiple API requests can occur inside one model turn, and it carries no token quantity.",0,0,0,0,False,,log_or_start_footprint_only,"success_evidence means at least one logged HTTP 200 API request; it does not prove a complete outer turn, meaningful response, social action, task completion, tokens, or cost."
122447,agent-823,823,False,1,0,1,"[""swarm/vitals/agent-0823.log""]",6,0,1,0,0,0,"Logged successful API-request count only; multiple API requests can occur inside one model turn, and it carries no token quantity.",0,0,0,0,False,,log_or_start_footprint_only,"success_evidence means at least one logged HTTP 200 API request; it does not prove a complete outer turn, meaningful response, social action, task completion, tokens, or cost."
122447,agent-828,828,False,1,0,1,"[""swarm/vitals/agent-0828.log""]",6,0,1,0,0,0,"Logged successful API-request count only; multiple API requests can occur inside one model turn, and it carries no token quantity.",0,0,0,0,False,,log_or_start_footprint_only,"success_evidence means at least one logged HTTP 200 API request; it does not prove a complete outer turn, meaningful response, social action, task completion, tokens, or cost."
122447,agent-833,833,False,1,0,1,"[""swarm/vitals/agent-0833.log""]",6,0,1,0,0,0,"Logged successful API-request count only; multiple API requests can occur inside one model turn, and it carries no token quantity.",0,0,0,0,False,,log_or_start_footprint_only,"success_evidence means at least one logged HTTP 200 API request; it does not prove a complete outer turn, meaningful response, social action, task completion, tokens, or cost."
122447,agent-838,838,False,1,0,1,"[""swarm/vitals/agent-0838.log""]",6,0,1,0,0,0,"Logged successful API-request count only; multiple API requests can occur inside one model turn, and it carries no token quantity.",0,0,0,0,False,,log_or_start_footprint_only,"success_evidence means at least one logged HTTP 200 API request; it does not prove a complete outer turn, meaningful response, social action, task completion, tokens, or cost."
122447,agent-843,843,False,1,0,1,"[""swarm/vitals/agent-0843.log""]",6,0,1,0,0,0,"Logged successful API-request count only; multiple API requests can occur inside one model turn, and it carries no token quantity.",0,0,0,0,False,,log_or_start_footprint_only,"success_evidence means at least one logged HTTP 200 API request; it does not prove a complete outer turn, meaningful response, social action, task completion, tokens, or cost."
122447,agent-848,848,False,1,0,1,"[""swarm/vitals/agent-0848.log""]",6,0,1,0,0,0,"Logged successful API-request count only; multiple API requests can occur inside one model turn, and it carries no token quantity.",0,0,0,0,False,,log_or_start_footprint_only,"success_evidence means at least one logged HTTP 200 API request; it does not prove a complete outer turn, meaningful response, social action, task completion, tokens, or cost."
122447,agent-853,853,False,1,0,1,"[""swarm/vitals/agent-0853.log""]",6,0,1,0,0,0,"Logged successful API-request count only; multiple API requests can occur inside one model turn, and it carries no token quantity.",0,0,0,0,False,,log_or_start_footprint_only,"success_evidence means at least one logged HTTP 200 API request; it does not prove a complete outer turn, meaningful response, social action, task completion, tokens, or cost."
122447,agent-858,858,False,1,0,1,"[""swarm/vitals/agent-0858.log""]",6,0,1,0,0,0,"Logged successful API-request count only; multiple API requests can occur inside one model turn, and it carries no token quantity.",0,0,0,0,False,,log_or_start_footprint_only,"success_evidence means at least one logged HTTP 200 API request; it does not prove a complete outer turn, meaningful response, social action, task completion, tokens, or cost."
122447,agent-863,863,False,1,0,1,"[""swarm/vitals/agent-0863.log""]",6,0,1,0,0,0,"Logged successful API-request count only; multiple API requests can occur inside one model turn, and it carries no token quantity.",0,0,0,0,False,,log_or_start_footprint_only,"success_evidence means at least one logged HTTP 200 API request; it does not prove a complete outer turn, meaningful response, social action, task completion, tokens, or cost."
122447,agent-868,868,False,1,0,1,"[""swarm/vitals/agent-0868.log""]",6,0,1,0,0,0,"Logged successful API-request count only; multiple API requests can occur inside one model turn, and it carries no token quantity.",0,0,0,0,False,,log_or_start_footprint_only,"success_evidence means at least one logged HTTP 200 API request; it does not prove a complete outer turn, meaningful response, social action, task completion, tokens, or cost."
122447,agent-873,873,False,1,0,1,"[""swarm/vitals/agent-0873.log""]",6,0,1,0,0,0,"Logged successful API-request count only; multiple API requests can occur inside one model turn, and it carries no token quantity.",0,0,0,0,False,,log_or_start_footprint_only,"success_evidence means at least one logged HTTP 200 API request; it does not prove a complete outer turn, meaningful response, social action, task completion, tokens, or cost."
122447,agent-878,878,False,1,0,1,"[""swarm/vitals/agent-0878.log""]",6,0,1,0,0,0,"Logged successful API-request count only; multiple API requests can occur inside one model turn, and it carries no token quantity.",0,0,0,0,False,,log_or_start_footprint_only,"success_evidence means at least one logged HTTP 200 API request; it does not prove a complete outer turn, meaningful response, social action, task completion, tokens, or cost."
122447,agent-883,883,False,1,0,1,"[""swarm/vitals/agent-0883.log""]",6,0,1,0,0,0,"Logged successful API-request count only; multiple API requests can occur inside one model turn, and it carries no token quantity.",0,0,0,0,False,,log_or_start_footprint_only,"success_evidence means at least one logged HTTP 200 API request; it does not prove a complete outer turn, meaningful response, social action, task completion, tokens, or cost."
122447,agent-888,888,False,1,0,1,"[""swarm/vitals/agent-0888.log""]",6,0,1,0,0,0,"Logged successful API-request count only; multiple API requests can occur inside one model turn, and it carries no token quantity.",0,0,0,0,False,,log_or_start_footprint_only,"success_evidence means at least one logged HTTP 200 API request; it does not prove a complete outer turn, meaningful response, social action, task completion, tokens, or cost."
122447,agent-893,893,False,1,0,1,"[""swarm/vitals/agent-0893.log""]",6,0,1,0,0,0,"Logged successful API-request count only; multiple API requests can occur inside one model turn, and it carries no token quantity.",0,0,0,0,False,,log_or_start_footprint_only,"success_evidence means at least one logged HTTP 200 API request; it does not prove a complete outer turn, meaningful response, social action, task completion, tokens, or cost."
122447,agent-898,898,False,1,0,1,"[""swarm/vitals/agent-0898.log""]",6,0,1,0,0,0,"Logged successful API-request count only; multiple API requests can occur inside one model turn, and it carries no token quantity.",0,0,0,0,False,,log_or_start_footprint_only,"success_evidence means at least one logged HTTP 200 API request; it does not prove a complete outer turn, meaningful response, social action, task completion, tokens, or cost."
122447,agent-903,903,False,1,0,1,"[""swarm/vitals/agent-0903.log""]",6,0,1,0,0,0,"Logged successful API-request count only; multiple API requests can occur inside one model turn, and it carries no token quantity.",0,0,0,0,False,,log_or_start_footprint_only,"success_evidence means at least one logged HTTP 200 API request; it does not prove a complete outer turn, meaningful response, social action, task completion, tokens, or cost."
122447,agent-908,908,False,1,0,1,"[""swarm/vitals/agent-0908.log""]",6,0,1,0,0,0,"Logged successful API-request count only; multiple API requests can occur inside one model turn, and it carries no token quantity.",0,0,0,0,False,,log_or_start_footprint_only,"success_evidence means at least one logged HTTP 200 API request; it does not prove a complete outer turn, meaningful response, social action, task completion, tokens, or cost."
122447,agent-913,913,False,1,0,1,"[""swarm/vitals/agent-0913.log""]",6,0,1,0,0,0,"Logged successful API-request count only; multiple API requests can occur inside one model turn, and it carries no token quantity.",0,0,0,0,False,,log_or_start_footprint_only,"success_evidence means at least one logged HTTP 200 API request; it does not prove a complete outer turn, meaningful response, social action, task completion, tokens, or cost."
122447,agent-918,918,False,1,0,1,"[""swarm/vitals/agent-0918.log""]",6,0,1,0,0,0,"Logged successful API-request count only; multiple API requests can occur inside one model turn, and it carries no token quantity.",0,0,0,0,False,,log_or_start_footprint_only,"success_evidence means at least one logged HTTP 200 API request; it does not prove a complete outer turn, meaningful response, social action, task completion, tokens, or cost."
122447,agent-923,923,False,1,0,1,"[""swarm/vitals/agent-0923.log""]",6,0,1,0,0,0,"Logged successful API-request count only; multiple API requests can occur inside one model turn, and it carries no token quantity.",0,0,0,0,False,,log_or_start_footprint_only,"success_evidence means at least one logged HTTP 200 API request; it does not prove a complete outer turn, meaningful response, social action, task completion, tokens, or cost."
122447,agent-928,928,False,1,0,1,"[""swarm/vitals/agent-0928.log""]",6,0,1,0,0,0,"Logged successful API-request count only; multiple API requests can occur inside one model turn, and it carries no token quantity.",0,0,0,0,False,,log_or_start_footprint_only,"success_evidence means at least one logged HTTP 200 API request; it does not prove a complete outer turn, meaningful response, social action, task completion, tokens, or cost."
122447,agent-933,933,False,1,0,1,"[""swarm/vitals/agent-0933.log""]",6,0,1,0,0,0,"Logged successful API-request count only; multiple API requests can occur inside one model turn, and it carries no token quantity.",0,0,0,0,False,,log_or_start_footprint_only,"success_evidence means at least one logged HTTP 200 API request; it does not prove a complete outer turn, meaningful response, social action, task completion, tokens, or cost."
122447,agent-938,938,False,1,0,1,"[""swarm/vitals/agent-0938.log""]",6,0,1,0,0,0,"Logged successful API-request count only; multiple API requests can occur inside one model turn, and it carries no token quantity.",0,0,0,0,False,,log_or_start_footprint_only,"success_evidence means at least one logged HTTP 200 API request; it does not prove a complete outer turn, meaningful response, social action, task completion, tokens, or cost."
122447,agent-943,943,False,1,0,1,"[""swarm/vitals/agent-0943.log""]",6,0,1,0,0,0,"Logged successful API-request count only; multiple API requests can occur inside one model turn, and it carries no token quantity.",0,0,0,0,False,,log_or_start_footprint_only,"success_evidence means at least one logged HTTP 200 API request; it does not prove a complete outer turn, meaningful response, social action, task completion, tokens, or cost."
122447,agent-948,948,False,1,0,1,"[""swarm/vitals/agent-0948.log""]",6,0,1,0,0,0,"Logged successful API-request count only; multiple API requests can occur inside one model turn, and it carries no token quantity.",0,0,0,0,False,,log_or_start_footprint_only,"success_evidence means at least one logged HTTP 200 API request; it does not prove a complete outer turn, meaningful response, social action, task completion, tokens, or cost."
122447,agent-953,953,False,1,0,1,"[""swarm/vitals/agent-0953.log""]",6,0,1,0,0,0,"Logged successful API-request count only; multiple API requests can occur inside one model turn, and it carries no token quantity.",0,0,0,0,False,,log_or_start_footprint_only,"success_evidence means at least one logged HTTP 200 API request; it does not prove a complete outer turn, meaningful response, social action, task completion, tokens, or cost."
122447,agent-958,958,False,1,0,1,"[""swarm/vitals/agent-0958.log""]",6,0,1,0,0,0,"Logged successful API-request count only; multiple API requests can occur inside one model turn, and it carries no token quantity.",0,0,0,0,False,,log_or_start_footprint_only,"success_evidence means at least one logged HTTP 200 API request; it does not prove a complete outer turn, meaningful response, social action, task completion, tokens, or cost."
122447,agent-963,963,False,1,0,1,"[""swarm/vitals/agent-0963.log""]",6,0,1,0,0,0,"Logged successful API-request count only; multiple API requests can occur inside one model turn, and it carries no token quantity.",0,0,0,0,False,,log_or_start_footprint_only,"success_evidence means at least one logged HTTP 200 API request; it does not prove a complete outer turn, meaningful response, social action, task completion, tokens, or cost."
122447,agent-968,968,False,1,0,1,"[""swarm/vitals/agent-0968.log""]",6,0,1,0,0,0,"Logged successful API-request count only; multiple API requests can occur inside one model turn, and it carries no token quantity.",0,0,0,0,False,,log_or_start_footprint_only,"success_evidence means at least one logged HTTP 200 API request; it does not prove a complete outer turn, meaningful response, social action, task completion, tokens, or cost."
122447,agent-973,973,False,1,0,1,"[""swarm/vitals/agent-0973.log""]",6,0,1,0,0,0,"Logged successful API-request count only; multiple API requests can occur inside one model turn, and it carries no token quantity.",0,0,0,0,False,,log_or_start_footprint_only,"success_evidence means at least one logged HTTP 200 API request; it does not prove a complete outer turn, meaningful response, social action, task completion, tokens, or cost."
122447,agent-978,978,False,1,0,1,"[""swarm/vitals/agent-0978.log""]",6,0,1,0,0,0,"Logged successful API-request count only; multiple API requests can occur inside one model turn, and it carries no token quantity.",0,0,0,0,False,,log_or_start_footprint_only,"success_evidence means at least one logged HTTP 200 API request; it does not prove a complete outer turn, meaningful response, social action, task completion, tokens, or cost."
122447,agent-983,983,False,1,0,1,"[""swarm/vitals/agent-0983.log""]",6,0,1,0,0,0,"Logged successful API-request count only; multiple API requests can occur inside one model turn, and it carries no token quantity.",0,0,0,0,False,,log_or_start_footprint_only,"success_evidence means at least one logged HTTP 200 API request; it does not prove a complete outer turn, meaningful response, social action, task completion, tokens, or cost."
122447,agent-988,988,False,1,0,1,"[""swarm/vitals/agent-0988.log""]",6,0,1,0,0,0,"Logged successful API-request count only; multiple API requests can occur inside one model turn, and it carries no token quantity.",0,0,0,0,False,,log_or_start_footprint_only,"success_evidence means at least one logged HTTP 200 API request; it does not prove a complete outer turn, meaningful response, social action, task completion, tokens, or cost."
122447,agent-993,993,False,1,0,1,"[""swarm/vitals/agent-0993.log""]",6,0,1,0,0,0,"Logged successful API-request count only; multiple API requests can occur inside one model turn, and it carries no token quantity.",0,0,0,0,False,,log_or_start_footprint_only,"success_evidence means at least one logged HTTP 200 API request; it does not prove a complete outer turn, meaningful response, social action, task completion, tokens, or cost."
122447,agent-998,998,False,1,0,1,"[""swarm/vitals/agent-0998.log""]",6,0,1,0,0,0,"Logged successful API-request count only; multiple API requests can occur inside one model turn, and it carries no token quantity.",0,0,0,0,False,,log_or_start_footprint_only,"success_evidence means at least one logged HTTP 200 API request; it does not prove a complete outer turn, meaningful response, social action, task completion, tokens, or cost."
122448,agent-40,40,False,0,1,1,"[""swarm/vitals/agent-040.log""]",1371,1,22,0,476,476,"Logged successful API-request count only; multiple API requests can occur inside one model turn, and it carries no token quantity.",304,201,194,1,True,logged_http_200_api_request,success_evidence,"success_evidence means at least one logged HTTP 200 API request; it does not prove a complete outer turn, meaningful response, social action, task completion, tokens, or cost."
122448,agent-45,45,False,0,1,1,"[""swarm/vitals/agent-045.log""]",12579,4,5857,13,5972,115,"Logged successful API-request count only; multiple API requests can occur inside one model turn, and it carries no token quantity.",170,201,3,1,True,logged_http_200_api_request,success_evidence,"success_evidence means at least one logged HTTP 200 API request; it does not prove a complete outer turn, meaningful response, social action, task completion, tokens, or cost."
122448,agent-50,50,False,0,1,1,"[""swarm/vitals/agent-050.log""]",12200,1,3314,0,3951,670,"Logged successful API-request count only; multiple API requests can occur inside one model turn, and it carries no token quantity.",638,186,71,0,True,logged_http_200_api_request,success_evidence,"success_evidence means at least one logged HTTP 200 API request; it does not prove a complete outer turn, meaningful response, social action, task completion, tokens, or cost."
122448,agent-55,55,False,0,1,1,"[""swarm/vitals/agent-055.log""]",771,1,3,128,335,271,"Logged successful API-request count only; multiple API requests can occur inside one model turn, and it carries no token quantity.",101,201,199,1,True,logged_http_200_api_request,success_evidence,"success_evidence means at least one logged HTTP 200 API request; it does not prove a complete outer turn, meaningful response, social action, task completion, tokens, or cost."
122448,agent-60,60,False,0,1,1,"[""swarm/vitals/agent-060.log""]",2164,1,14,0,707,707,"Logged successful API-request count only; multiple API requests can occur inside one model turn, and it carries no token quantity.",517,201,194,1,True,logged_http_200_api_request,success_evidence,"success_evidence means at least one logged HTTP 200 API request; it does not prove a complete outer turn, meaningful response, social action, task completion, tokens, or cost."
122448,agent-65,65,False,0,1,1,"[""swarm/vitals/agent-065.log""]",674,1,5,0,253,252,"Logged successful API-request count only; multiple API requests can occur inside one model turn, and it carries no token quantity.",104,201,201,1,True,logged_http_200_api_request,success_evidence,"success_evidence means at least one logged HTTP 200 API request; it does not prove a complete outer turn, meaningful response, social action, task completion, tokens, or cost."
122448,agent-70,70,False,0,1,1,"[""swarm/vitals/agent-070.log""]",3816,1,3692,0,0,0,"Logged successful API-request count only; multiple API requests can occur inside one model turn, and it carries no token quantity.",0,123,0,0,False,,log_or_start_footprint_only,"success_evidence means at least one logged HTTP 200 API request; it does not prove a complete outer turn, meaningful response, social action, task completion, tokens, or cost."
122448,agent-75,75,False,0,1,1,"[""swarm/vitals/agent-075.log""]",621,1,1,188,222,128,"Logged successful API-request count only; multiple API requests can occur inside one model turn, and it carries no token quantity.",122,58,58,0,True,logged_http_200_api_request,success_evidence,"success_evidence means at least one logged HTTP 200 API request; it does not prove a complete outer turn, meaningful response, social action, task completion, tokens, or cost."
122448,agent-104,104,False,0,1,1,"[""swarm/vitals/agent-0104.log""]",11483,1,3165,0,3800,663,"Logged successful API-request count only; multiple API requests can occur inside one model turn, and it carries no token quantity.",605,184,77,0,True,logged_http_200_api_request,success_evidence,"success_evidence means at least one logged HTTP 200 API request; it does not prove a complete outer turn, meaningful response, social action, task completion, tokens, or cost."
122448,agent-109,109,False,0,1,1,"[""swarm/vitals/agent-0109.log""]",12529,2,5857,10,5961,104,"Logged successful API-request count only; multiple API requests can occur inside one model turn, and it carries no token quantity.",137,201,3,1,True,logged_http_200_api_request,success_evidence,"success_evidence means at least one logged HTTP 200 API request; it does not prove a complete outer turn, meaningful response, social action, task completion, tokens, or cost."
122448,agent-114,114,False,0,1,1,"[""swarm/vitals/agent-0114.log""]",1546,1,6,0,564,564,"Logged successful API-request count only; multiple API requests can occur inside one model turn, and it carries no token quantity.",379,201,198,1,True,logged_http_200_api_request,success_evidence,"success_evidence means at least one logged HTTP 200 API request; it does not prove a complete outer turn, meaningful response, social action, task completion, tokens, or cost."
122448,agent-119,119,False,0,1,1,"[""swarm/vitals/agent-0119.log""]",1503,1,276,828,531,255,"Logged successful API-request count only; multiple API requests can occur inside one model turn, and it carries no token quantity.",110,201,200,1,True,logged_http_200_api_request,success_evidence,"success_evidence means at least one logged HTTP 200 API request; it does not prove a complete outer turn, meaningful response, social action, task completion, tokens, or cost."
122448,agent-124,124,False,0,1,1,"[""swarm/vitals/agent-0124.log""]",1607,1,29,0,526,526,"Logged successful API-request count only; multiple API requests can occur inside one model turn, and it carries no token quantity.",338,201,193,1,True,logged_http_200_api_request,success_evidence,"success_evidence means at least one logged HTTP 200 API request; it does not prove a complete outer turn, meaningful response, social action, task completion, tokens, or cost."
122448,agent-129,129,False,0,1,1,"[""swarm/vitals/agent-0129.log""]",1776,1,302,891,635,336,"Logged successful API-request count only; multiple API requests can occur inside one model turn, and it carries no token quantity.",188,201,201,1,True,logged_http_200_api_request,success_evidence,"success_evidence means at least one logged HTTP 200 API request; it does not prove a complete outer turn, meaningful response, social action, task completion, tokens, or cost."
122448,agent-134,134,False,0,1,1,"[""swarm/vitals/agent-0134.log""]",6233,1,6030,0,0,0,"Logged successful API-request count only; multiple API requests can occur inside one model turn, and it carries no token quantity.",0,201,0,1,False,,log_or_start_footprint_only,"success_evidence means at least one logged HTTP 200 API request; it does not prove a complete outer turn, meaningful response, social action, task completion, tokens, or cost."
122448,agent-139,139,False,0,1,1,"[""swarm/vitals/agent-0139.log""]",1755,1,327,948,612,293,"Logged successful API-request count only; multiple API requests can occur inside one model turn, and it carries no token quantity.",155,201,199,1,True,logged_http_200_api_request,success_evidence,"success_evidence means at least one logged HTTP 200 API request; it does not prove a complete outer turn, meaningful response, social action, task completion, tokens, or cost."
122448,agent-144,144,False,0,1,1,"[""swarm/vitals/agent-0144.log""]",6233,1,6030,0,0,0,"Logged successful API-request count only; multiple API requests can occur inside one model turn, and it carries no token quantity.",0,201,0,1,False,,log_or_start_footprint_only,"success_evidence means at least one logged HTTP 200 API request; it does not prove a complete outer turn, meaningful response, social action, task completion, tokens, or cost."
122448,agent-149,149,False,0,1,1,"[""swarm/vitals/agent-0149.log""]",1475,1,15,0,540,540,"Logged successful API-request count only; multiple API requests can occur inside one model turn, and it carries no token quantity.",349,201,195,1,True,logged_http_200_api_request,success_evidence,"success_evidence means at least one logged HTTP 200 API request; it does not prove a complete outer turn, meaningful response, social action, task completion, tokens, or cost."
122448,agent-154,154,False,0,1,1,"[""swarm/vitals/agent-0154.log""]",11050,3,5091,81,5261,100,"Logged successful API-request count only; multiple API requests can occur inside one model turn, and it carries no token quantity.",108,184,10,0,True,logged_http_200_api_request,success_evidence,"success_evidence means at least one logged HTTP 200 API request; it does not prove a complete outer turn, meaningful response, social action, task completion, tokens, or cost."
122448,agent-159,159,False,0,1,1,"[""swarm/vitals/agent-0159.log""]",1906,1,11,0,588,587,"Logged successful API-request count only; multiple API requests can occur inside one model turn, and it carries no token quantity.",400,201,197,1,True,logged_http_200_api_request,success_evidence,"success_evidence means at least one logged HTTP 200 API request; it does not prove a complete outer turn, meaningful response, social action, task completion, tokens, or cost."
122448,agent-164,164,False,0,1,1,"[""swarm/vitals/agent-0164.log""]",889,1,5,130,362,296,"Logged successful API-request count only; multiple API requests can occur inside one model turn, and it carries no token quantity.",149,201,200,1,True,logged_http_200_api_request,success_evidence,"success_evidence means at least one logged HTTP 200 API request; it does not prove a complete outer turn, meaningful response, social action, task completion, tokens, or cost."
122448,agent-169,169,False,0,1,1,"[""swarm/vitals/agent-0169.log""]",1473,1,15,0,503,503,"Logged successful API-request count only; multiple API requests can occur inside one model turn, and it carries no token quantity.",312,201,198,1,True,logged_http_200_api_request,success_evidence,"success_evidence means at least one logged HTTP 200 API request; it does not prove a complete outer turn, meaningful response, social action, task completion, tokens, or cost."
122448,agent-174,174,False,0,1,1,"[""swarm/vitals/agent-0174.log""]",2047,1,198,38,652,535,"Logged successful API-request count only; multiple API requests can occur inside one model turn, and it carries no token quantity.",410,201,199,1,True,logged_http_200_api_request,success_evidence,"success_evidence means at least one logged HTTP 200 API request; it does not prove a complete outer turn, meaningful response, social action, task completion, tokens, or cost."
122448,agent-179,179,False,0,1,1,"[""swarm/vitals/agent-0179.log""]",4632,1,4482,0,0,0,"Logged successful API-request count only; multiple API requests can occur inside one model turn, and it carries no token quantity.",0,149,0,0,False,,log_or_start_footprint_only,"success_evidence means at least one logged HTTP 200 API request; it does not prove a complete outer turn, meaningful response, social action, task completion, tokens, or cost."
122448,agent-184,184,False,0,1,1,"[""swarm/vitals/agent-0184.log""]",570,1,6,0,237,236,"Logged successful API-request count only; multiple API requests can occur inside one model turn, and it carries no token quantity.",62,201,200,1,True,logged_http_200_api_request,success_evidence,"success_evidence means at least one logged HTTP 200 API request; it does not prove a complete outer turn, meaningful response, social action, task completion, tokens, or cost."
122448,agent-189,189,False,0,1,1,"[""swarm/vitals/agent-0189.log""]",4211,1,4075,0,0,0,"Logged successful API-request count only; multiple API requests can occur inside one model turn, and it carries no token quantity.",0,135,0,0,False,,log_or_start_footprint_only,"success_evidence means at least one logged HTTP 200 API request; it does not prove a complete outer turn, meaningful response, social action, task completion, tokens, or cost."
122448,agent-194,194,False,0,1,1,"[""swarm/vitals/agent-0194.log""]",1675,1,17,0,590,590,"Logged successful API-request count only; multiple API requests can occur inside one model turn, and it carries no token quantity.",409,201,195,1,True,logged_http_200_api_request,success_evidence,"success_evidence means at least one logged HTTP 200 API request; it does not prove a complete outer turn, meaningful response, social action, task completion, tokens, or cost."
122448,agent-199,199,False,0,1,1,"[""swarm/vitals/agent-0199.log""]",3338,1,1283,34,1438,128,"Logged successful API-request count only; multiple API requests can occur inside one model turn, and it carries no token quantity.",113,90,43,0,True,logged_http_200_api_request,success_evidence,"success_evidence means at least one logged HTTP 200 API request; it does not prove a complete outer turn, meaningful response, social action, task completion, tokens, or cost."
122448,agent-204,204,False,0,1,1,"[""swarm/vitals/agent-0204.log""]",1060,1,27,26,352,336,"Logged successful API-request count only; multiple API requests can occur inside one model turn, and it carries no token quantity.",336,21,18,0,True,logged_http_200_api_request,success_evidence,"success_evidence means at least one logged HTTP 200 API request; it does not prove a complete outer turn, meaningful response, social action, task completion, tokens, or cost."
122448,agent-209,209,False,0,1,1,"[""swarm/vitals/agent-0209.log""]",615,1,4,186,217,124,"Logged successful API-request count only; multiple API requests can occur inside one model turn, and it carries no token quantity.",139,31,30,0,True,logged_http_200_api_request,success_evidence,"success_evidence means at least one logged HTTP 200 API request; it does not prove a complete outer turn, meaningful response, social action, task completion, tokens, or cost."
122448,agent-214,214,False,0,1,1,"[""swarm/vitals/agent-0214.log""]",392,1,12,8,130,122,"Logged successful API-request count only; multiple API requests can occur inside one model turn, and it carries no token quantity.",127,10,8,0,True,logged_http_200_api_request,success_evidence,"success_evidence means at least one logged HTTP 200 API request; it does not prove a complete outer turn, meaningful response, social action, task completion, tokens, or cost."
122456,agent-41,41,False,0,2,1,"[""swarm/vitals/agent-041.log""]",11972,1,3279,0,3882,613,"Logged successful API-request count only; multiple API requests can occur inside one model turn, and it carries no token quantity.",545,201,89,1,True,logged_http_200_api_request,success_evidence,"success_evidence means at least one logged HTTP 200 API request; it does not prove a complete outer turn, meaningful response, social action, task completion, tokens, or cost."
122456,agent-46,46,False,0,2,1,"[""swarm/vitals/agent-046.log""]",1982,1,222,872,795,457,"Logged successful API-request count only; multiple API requests can occur inside one model turn, and it carries no token quantity.",132,380,376,2,True,logged_http_200_api_request,success_evidence,"success_evidence means at least one logged HTTP 200 API request; it does not prove a complete outer turn, meaningful response, social action, task completion, tokens, or cost."
122456,agent-51,51,False,0,2,1,"[""swarm/vitals/agent-051.log""]",8786,1,2278,0,2845,597,"Logged successful API-request count only; multiple API requests can occur inside one model turn, and it carries no token quantity.",354,343,263,2,True,logged_http_200_api_request,success_evidence,"success_evidence means at least one logged HTTP 200 API request; it does not prove a complete outer turn, meaningful response, social action, task completion, tokens, or cost."
122456,agent-56,56,False,0,2,1,"[""swarm/vitals/agent-056.log""]",802,1,3,150,340,265,"Logged successful API-request count only; multiple API requests can occur inside one model turn, and it carries no token quantity.",87,219,217,2,True,logged_http_200_api_request,success_evidence,"success_evidence means at least one logged HTTP 200 API request; it does not prove a complete outer turn, meaningful response, social action, task completion, tokens, or cost."
122456,agent-61,61,False,0,2,1,"[""swarm/vitals/agent-061.log""]",6233,1,6030,0,0,0,"Logged successful API-request count only; multiple API requests can occur inside one model turn, and it carries no token quantity.",0,201,0,1,False,,log_or_start_footprint_only,"success_evidence means at least one logged HTTP 200 API request; it does not prove a complete outer turn, meaningful response, social action, task completion, tokens, or cost."
122456,agent-66,66,False,0,2,1,"[""swarm/vitals/agent-066.log""]",914,1,4,98,363,315,"Logged successful API-request count only; multiple API requests can occur inside one model turn, and it carries no token quantity.",127,233,233,1,True,logged_http_200_api_request,success_evidence,"success_evidence means at least one logged HTTP 200 API request; it does not prove a complete outer turn, meaningful response, social action, task completion, tokens, or cost."
122456,agent-71,71,False,0,2,1,"[""swarm/vitals/agent-071.log""]",5566,1,5386,0,0,0,"Logged successful API-request count only; multiple API requests can occur inside one model turn, and it carries no token quantity.",0,179,0,0,False,,log_or_start_footprint_only,"success_evidence means at least one logged HTTP 200 API request; it does not prove a complete outer turn, meaningful response, social action, task completion, tokens, or cost."
122456,agent-76,76,False,0,2,1,"[""swarm/vitals/agent-076.log""]",509,2,6,34,181,163,"Logged successful API-request count only; multiple API requests can occur inside one model turn, and it carries no token quantity.",117,62,60,0,True,logged_http_200_api_request,success_evidence,"success_evidence means at least one logged HTTP 200 API request; it does not prove a complete outer turn, meaningful response, social action, task completion, tokens, or cost."
122456,agent-81,81,False,0,2,1,"[""swarm/vitals/agent-081.log""]",987,2,242,4,367,145,"Logged successful API-request count only; multiple API requests can occur inside one model turn, and it carries no token quantity.",164,14,0,0,True,logged_http_200_api_request,success_evidence,"success_evidence means at least one logged HTTP 200 API request; it does not prove a complete outer turn, meaningful response, social action, task completion, tokens, or cost."
122456,agent-105,105,False,0,1,1,"[""swarm/vitals/agent-0105.log""]",12740,1,3586,0,4192,621,"Logged successful API-request count only; multiple API requests can occur inside one model turn, and it carries no token quantity.",609,188,66,0,True,logged_http_200_api_request,success_evidence,"success_evidence means at least one logged HTTP 200 API request; it does not prove a complete outer turn, meaningful response, social action, task completion, tokens, or cost."
122456,agent-110,110,False,0,1,1,"[""swarm/vitals/agent-0110.log""]",1753,1,308,909,580,277,"Logged successful API-request count only; multiple API requests can occur inside one model turn, and it carries no token quantity.",181,201,200,1,True,logged_http_200_api_request,success_evidence,"success_evidence means at least one logged HTTP 200 API request; it does not prove a complete outer turn, meaningful response, social action, task completion, tokens, or cost."
122456,agent-115,115,False,0,1,1,"[""swarm/vitals/agent-0115.log""]",11064,1,3011,0,3619,620,"Logged successful API-request count only; multiple API requests can occur inside one model turn, and it carries no token quantity.",531,201,100,1,True,logged_http_200_api_request,success_evidence,"success_evidence means at least one logged HTTP 200 API request; it does not prove a complete outer turn, meaningful response, social action, task completion, tokens, or cost."
122456,agent-120,120,False,0,1,1,"[""swarm/vitals/agent-0120.log""]",1935,1,347,1017,647,306,"Logged successful API-request count only; multiple API requests can occur inside one model turn, and it carries no token quantity.",189,201,198,1,True,logged_http_200_api_request,success_evidence,"success_evidence means at least one logged HTTP 200 API request; it does not prove a complete outer turn, meaningful response, social action, task completion, tokens, or cost."
122456,agent-125,125,False,0,1,1,"[""swarm/vitals/agent-0125.log""]",6233,1,6030,0,0,0,"Logged successful API-request count only; multiple API requests can occur inside one model turn, and it carries no token quantity.",0,201,0,1,False,,log_or_start_footprint_only,"success_evidence means at least one logged HTTP 200 API request; it does not prove a complete outer turn, meaningful response, social action, task completion, tokens, or cost."
122456,agent-130,130,False,0,1,1,"[""swarm/vitals/agent-0130.log""]",1806,1,305,888,598,301,"Logged successful API-request count only; multiple API requests can occur inside one model turn, and it carries no token quantity.",200,201,200,1,True,logged_http_200_api_request,success_evidence,"success_evidence means at least one logged HTTP 200 API request; it does not prove a complete outer turn, meaningful response, social action, task completion, tokens, or cost."
122456,agent-135,135,False,0,1,1,"[""swarm/vitals/agent-0135.log""]",6233,1,6030,0,0,0,"Logged successful API-request count only; multiple API requests can occur inside one model turn, and it carries no token quantity.",0,201,0,1,False,,log_or_start_footprint_only,"success_evidence means at least one logged HTTP 200 API request; it does not prove a complete outer turn, meaningful response, social action, task completion, tokens, or cost."
122456,agent-140,140,False,0,1,1,"[""swarm/vitals/agent-0140.log""]",12868,1,3709,0,4182,496,"Logged successful API-request count only; multiple API requests can occur inside one model turn, and it carries no token quantity.",442,191,63,0,True,logged_http_200_api_request,success_evidence,"success_evidence means at least one logged HTTP 200 API request; it does not prove a complete outer turn, meaningful response, social action, task completion, tokens, or cost."
122456,agent-145,145,False,0,1,1,"[""swarm/vitals/agent-0145.log""]",11386,1,5222,79,5422,130,"Logged successful API-request count only; multiple API requests can occur inside one model turn, and it carries no token quantity.",151,183,2,0,True,logged_http_200_api_request,success_evidence,"success_evidence means at least one logged HTTP 200 API request; it does not prove a complete outer turn, meaningful response, social action, task completion, tokens, or cost."
122456,agent-150,150,False,0,1,1,"[""swarm/vitals/agent-0150.log""]",2003,1,15,0,670,669,"Logged successful API-request count only; multiple API requests can occur inside one model turn, and it carries no token quantity.",486,201,197,1,True,logged_http_200_api_request,success_evidence,"success_evidence means at least one logged HTTP 200 API request; it does not prove a complete outer turn, meaningful response, social action, task completion, tokens, or cost."
122456,agent-155,155,False,0,1,1,"[""swarm/vitals/agent-0155.log""]",963,2,7,174,391,303,"Logged successful API-request count only; multiple API requests can occur inside one model turn, and it carries no token quantity.",145,201,201,1,True,logged_http_200_api_request,success_evidence,"success_evidence means at least one logged HTTP 200 API request; it does not prove a complete outer turn, meaningful response, social action, task completion, tokens, or cost."
122456,agent-160,160,False,0,1,1,"[""swarm/vitals/agent-0160.log""]",1943,1,10,0,617,617,"Logged successful API-request count only; multiple API requests can occur inside one model turn, and it carries no token quantity.",424,201,199,1,True,logged_http_200_api_request,success_evidence,"success_evidence means at least one logged HTTP 200 API request; it does not prove a complete outer turn, meaningful response, social action, task completion, tokens, or cost."
122456,agent-165,165,False,0,1,1,"[""swarm/vitals/agent-0165.log""]",724,2,1,0,274,274,"Logged successful API-request count only; multiple API requests can occur inside one model turn, and it carries no token quantity.",121,201,200,1,True,logged_http_200_api_request,success_evidence,"success_evidence means at least one logged HTTP 200 API request; it does not prove a complete outer turn, meaningful response, social action, task completion, tokens, or cost."
122456,agent-170,170,False,0,1,1,"[""swarm/vitals/agent-0170.log""]",4762,1,4608,0,0,0,"Logged successful API-request count only; multiple API requests can occur inside one model turn, and it carries no token quantity.",0,153,0,0,False,,log_or_start_footprint_only,"success_evidence means at least one logged HTTP 200 API request; it does not prove a complete outer turn, meaningful response, social action, task completion, tokens, or cost."
122456,agent-175,175,False,0,1,1,"[""swarm/vitals/agent-0175.log""]",514,1,3,0,222,222,"Logged successful API-request count only; multiple API requests can occur inside one model turn, and it carries no token quantity.",43,201,200,1,True,logged_http_200_api_request,success_evidence,"success_evidence means at least one logged HTTP 200 API request; it does not prove a complete outer turn, meaningful response, social action, task completion, tokens, or cost."
122456,agent-180,180,False,0,1,1,"[""swarm/vitals/agent-0180.log""]",3843,1,3719,0,0,0,"Logged successful API-request count only; multiple API requests can occur inside one model turn, and it carries no token quantity.",0,123,0,0,False,,log_or_start_footprint_only,"success_evidence means at least one logged HTTP 200 API request; it does not prove a complete outer turn, meaningful response, social action, task completion, tokens, or cost."
122456,agent-185,185,False,0,1,1,"[""swarm/vitals/agent-0185.log""]",1337,1,14,22,433,422,"Logged successful API-request count only; multiple API requests can occur inside one model turn, and it carries no token quantity.",430,25,18,0,True,logged_http_200_api_request,success_evidence,"success_evidence means at least one logged HTTP 200 API request; it does not prove a complete outer turn, meaningful response, social action, task completion, tokens, or cost."
122456,agent-190,190,False,0,1,1,"[""swarm/vitals/agent-0190.log""]",2706,1,985,23,1158,172,"Logged successful API-request count only; multiple API requests can occur inside one model turn, and it carries no token quantity.",187,40,1,0,True,logged_http_200_api_request,success_evidence,"success_evidence means at least one logged HTTP 200 API request; it does not prove a complete outer turn, meaningful response, social action, task completion, tokens, or cost."
122456,agent-195,195,False,0,1,1,"[""swarm/vitals/agent-0195.log""]",461,1,5,22,168,156,"Logged successful API-request count only; multiple API requests can occur inside one model turn, and it carries no token quantity.",159,9,6,0,True,logged_http_200_api_request,success_evidence,"success_evidence means at least one logged HTTP 200 API request; it does not prove a complete outer turn, meaningful response, social action, task completion, tokens, or cost."
